asin,source_fbm_quantity,html_fbm_quantity,fbm_diff,source_fba_quantity,html_fba_quantity,fba_diff,source_amazon_quantity,html_amazon_quantity,amazon_qty_diff,result
B07WP51SL6,9,9,0,0,0,0,9,9,0,PASS
B07YZLMKQK,0,0,0,0,0,0,0,0,0,PASS
B084MG7VWS,5,5,0,0,0,0,5,5,0,PASS
B084RC5DQG,1,1,0,0,0,0,1,1,0,PASS
B084SRKT9H,0,0,0,0,0,0,0,0,0,PASS
B084SWSKBF,0,0,0,0,0,0,0,0,0,PASS
B086YSPMYX,1,1,0,0,0,0,1,1,0,PASS
B08996H95C,1,1,0,0,0,0,1,1,0,PASS
B08999M992,4,4,0,0,0,0,4,4,0,PASS
B0899R8JXK,2,2,0,0,0,0,2,2,0,PASS
B08DK37N5Y,3,3,0,0,0,0,3,3,0,PASS
B08DK76YF6,18,18,0,0,0,0,18,18,0,PASS
B08DK9V4KM,5,5,0,0,0,0,5,5,0,PASS
B08DKKTNGY,7,7,0,0,0,0,7,7,0,PASS
B08DKLGDYK,13,13,0,0,0,0,13,13,0,PASS
B08DKMMQS7,2,2,0,2,2,0,4,4,0,PASS
B08DKQP89H,23,23,0,4,4,0,27,27,0,PASS
B08DKQPKYC,3,3,0,0,0,0,3,3,0,PASS
B08DKQPVX6,5,5,0,0,0,0,5,5,0,PASS
B08DQTFMHS,3,3,0,0,0,0,3,3,0,PASS
B08DR2NXGH,6,6,0,0,0,0,6,6,0,PASS
B08DR5S9J5,54,54,0,0,0,0,54,54,0,PASS
B08DR9NXTT,11,11,0,0,0,0,11,11,0,PASS
B08FXC7DRQ,15,15,0,0,0,0,15,15,0,PASS
B08FXD3Z3F,6,6,0,0,0,0,6,6,0,PASS
B08FXRB2TK,23,23,0,0,0,0,23,23,0,PASS
B08FXRY7SB,23,23,0,0,0,0,23,23,0,PASS
B08FXRYLSL,31,31,0,0,0,0,31,31,0,PASS
B08FXS5TKR,7,7,0,0,0,0,7,7,0,PASS
B08FXSCF48,20,20,0,0,0,0,20,20,0,PASS
B08FXSKT7L,90,90,0,0,0,0,90,90,0,PASS
B08FXSRRDQ,5,5,0,0,0,0,5,5,0,PASS
B08FXSXMGM,18,18,0,0,0,0,18,18,0,PASS
B08FXV388J,15,15,0,0,0,0,15,15,0,PASS
B08HZ417CV,2,2,0,0,0,0,2,2,0,PASS
B08LYNF2Q5,3,3,0,0,0,0,3,3,0,PASS
B08LZ6ZHKW,2,2,0,0,0,0,2,2,0,PASS
B08NW3LPKW,0,0,0,0,0,0,0,0,0,PASS
B08NW4ZPX3,0,0,0,0,0,0,0,0,0,PASS
B08NXMD5D7,16,16,0,0,0,0,16,16,0,PASS
B08PD6QTFG,13,13,0,0,0,0,13,13,0,PASS
B08R3PLCH3,5,5,0,0,0,0,5,5,0,PASS
B08R3Q75KL,5,5,0,0,0,0,5,5,0,PASS
B08R3QC5XK,5,5,0,0,0,0,5,5,0,PASS
B08THFC1BP,1,1,0,0,0,0,1,1,0,PASS
B08THFN4K3,3,3,0,0,0,0,3,3,0,PASS
B08THFZLGK,7,7,0,0,0,0,7,7,0,PASS
B08THGV6L8,2,2,0,0,0,0,2,2,0,PASS
B08THHV6J7,23,23,0,0,0,0,23,23,0,PASS
B08THKP7SW,4,4,0,0,0,0,4,4,0,PASS
B08THKWZGB,7,7,0,0,0,0,7,7,0,PASS
B08THLVJKV,45,45,0,0,0,0,45,45,0,PASS
B08THMMJ84,1,1,0,0,0,0,1,1,0,PASS
B08THNRYWQ,8,8,0,0,0,0,8,8,0,PASS
B08TLP8FZ7,10,10,0,0,0,0,10,10,0,PASS
B08TLWS9CK,9,9,0,0,0,0,9,9,0,PASS
B08TLYYRTR,8,8,0,0,0,0,8,8,0,PASS
B08TLZQRH5,3,3,0,0,0,0,3,3,0,PASS
B08TM11NZK,1,1,0,0,0,0,1,1,0,PASS
B08TM2GGZQ,14,14,0,0,0,0,14,14,0,PASS
B08TM48R5F,44,44,0,0,0,0,44,44,0,PASS
B08TM6WZBQ,0,0,0,0,0,0,0,0,0,PASS
B08TM91W7L,14,14,0,0,0,0,14,14,0,PASS
B08TM99HCD,15,15,0,0,0,0,15,15,0,PASS
B08TM9JXKS,11,11,0,0,0,0,11,11,0,PASS
B08TMG646S,22,22,0,0,0,0,22,22,0,PASS
B08TMG9BXW,37,37,0,0,0,0,37,37,0,PASS
B08TMN53GM,14,14,0,0,0,0,14,14,0,PASS
B08TMRT292,10,10,0,0,0,0,10,10,0,PASS
B08TMTSJJF,6,6,0,0,0,0,6,6,0,PASS
B08TX1V5BV,106,106,0,0,0,0,106,106,0,PASS
B08TX216Y4,43,43,0,12,12,0,55,55,0,PASS
B08TX2837H,157,157,0,0,0,0,157,157,0,PASS
B08TX2CXR6,57,57,0,0,0,0,57,57,0,PASS
B08TX2N1T6,131,131,0,0,0,0,131,131,0,PASS
B08TX2PF6H,37,37,0,4,4,0,41,41,0,PASS
B08TX35XSK,141,141,0,0,0,0,141,141,0,PASS
B08TX3HMFJ,147,147,0,0,0,0,147,147,0,PASS
B08VD5W87X,5,5,0,0,0,0,5,5,0,PASS
B08VGFQ44L,153,153,0,0,0,0,153,153,0,PASS
B08VGHVH8R,501,501,0,67,67,0,568,568,0,PASS
B08VGL8TBR,16,16,0,0,0,0,16,16,0,PASS
B08VGLLMK8,67,67,0,0,0,0,67,67,0,PASS
B08VGLZVBD,150,150,0,0,0,0,150,150,0,PASS
B08VGM55LP,109,109,0,0,0,0,109,109,0,PASS
B08VGMKHT7,644,644,0,33,33,0,677,677,0,PASS
B08VGMNGYN,307,307,0,42,42,0,349,349,0,PASS
B08VGNL22C,44,44,0,65,65,0,109,109,0,PASS
B08VGP666V,184,184,0,69,69,0,253,253,0,PASS
B08VGPPQ48,275,275,0,555,555,0,830,830,0,PASS
B08VGPWXG1,169,169,0,0,0,0,169,169,0,PASS
B08VGPX5K5,32,32,0,114,114,0,146,146,0,PASS
B08VGQMLYX,31,31,0,69,69,0,100,100,0,PASS
B08VGRJM38,40,40,0,183,183,0,223,223,0,PASS
B08VGRYD69,26,26,0,0,0,0,26,26,0,PASS
B08X4FY3V5,60,60,0,85,85,0,145,145,0,PASS
B08XNN3SG3,21,21,0,1,1,0,22,22,0,PASS
B08XNNNTHT,19,19,0,0,0,0,19,19,0,PASS
B08XNP5V9W,12,12,0,0,0,0,12,12,0,PASS
B08XNPBYMH,37,37,0,0,0,0,37,37,0,PASS
B08XNPHRC5,2,2,0,0,0,0,2,2,0,PASS
B08XNPKHZX,30,30,0,36,36,0,66,66,0,PASS
B08XNPLC3V,9,9,0,0,0,0,9,9,0,PASS
B08XNPN8YG,26,26,0,0,0,0,26,26,0,PASS
B08XNPXBF3,37,37,0,0,0,0,37,37,0,PASS
B08XNPZBR6,19,19,0,0,0,0,19,19,0,PASS
B08XNPZZ6W,45,45,0,0,0,0,45,45,0,PASS
B08XNQ1FT7,12,12,0,0,0,0,12,12,0,PASS
B08XNQ9CYY,23,23,0,0,0,0,23,23,0,PASS
B08XNQFS2H,14,14,0,0,0,0,14,14,0,PASS
B08XNQHQFR,0,0,0,0,0,0,0,0,0,PASS
B08XNQK665,43,43,0,0,0,0,43,43,0,PASS
B08XNQPVSD,35,35,0,0,0,0,35,35,0,PASS
B08XNR7FZ9,4,4,0,0,0,0,4,4,0,PASS
B08XNS6SF7,9,9,0,0,0,0,9,9,0,PASS
B08XNSJYTG,8,8,0,0,0,0,8,8,0,PASS
B08XNSLBMC,3,3,0,0,0,0,3,3,0,PASS
B08XNSM6GD,1,1,0,0,0,0,1,1,0,PASS
B08XNTCJVV,7,7,0,0,0,0,7,7,0,PASS
B08XNTFCCH,3,3,0,0,0,0,3,3,0,PASS
B08XNTQCK7,15,15,0,0,0,0,15,15,0,PASS
B08XNTWYY2,3,3,0,0,0,0,3,3,0,PASS
B08XNV9B1M,3,3,0,0,0,0,3,3,0,PASS
B08Y6RTRS2,27,27,0,0,0,0,27,27,0,PASS
B08Y6SS1H9,4,4,0,0,0,0,4,4,0,PASS
B08Y6TQL5M,6,6,0,0,0,0,6,6,0,PASS
B08Y6TQL5N,8,8,0,0,0,0,8,8,0,PASS
B08Y6VXLNS,6,6,0,0,0,0,6,6,0,PASS
B08Y6WJDV7,2,2,0,0,0,0,2,2,0,PASS
B08Y6WMBZK,6,6,0,0,0,0,6,6,0,PASS
B08Y6WMDTC,5,5,0,0,0,0,5,5,0,PASS
B08Y6X3H98,4,4,0,0,0,0,4,4,0,PASS
B08Y6X7RJG,15,15,0,0,0,0,15,15,0,PASS
B08Y6Y5SWS,15,15,0,0,0,0,15,15,0,PASS
B08Y6YGMRV,37,37,0,0,0,0,37,37,0,PASS
B08Y6YHHXV,6,6,0,0,0,0,6,6,0,PASS
B08Y6YVHT2,2,2,0,0,0,0,2,2,0,PASS
B08Y6ZML8S,17,17,0,0,0,0,17,17,0,PASS
B08Y72NF8M,36,36,0,0,0,0,36,36,0,PASS
B08Y96BVS2,31,31,0,0,0,0,31,31,0,PASS
B091B7NP2G,64,64,0,0,0,0,64,64,0,PASS
B093H8YG8Z,169,169,0,0,0,0,169,169,0,PASS
B093H9BJWL,30,30,0,0,0,0,30,30,0,PASS
B093H9DJK7,10,10,0,0,0,0,10,10,0,PASS
B093H9RYHF,8,8,0,0,0,0,8,8,0,PASS
B093HB4S7Y,18,18,0,52,52,0,70,70,0,PASS
B093HB7L5H,21,21,0,0,0,0,21,21,0,PASS
B093HBB279,0,0,0,0,0,0,0,0,0,PASS
B093HBMN1F,27,27,0,0,0,0,27,27,0,PASS
B093HBRKWJ,19,19,0,0,0,0,19,19,0,PASS
B093HBYFJQ,7,7,0,0,0,0,7,7,0,PASS
B093HC22CM,1,1,0,0,0,0,1,1,0,PASS
B093HC597P,2,2,0,0,0,0,2,2,0,PASS
B093HC837J,31,31,0,0,0,0,31,31,0,PASS
B093HCCL5S,34,34,0,0,0,0,34,34,0,PASS
B093HCLPM8,54,54,0,0,0,0,54,54,0,PASS
B093HCQGSL,101,101,0,0,0,0,101,101,0,PASS
B093HCRHG3,3,3,0,0,0,0,3,3,0,PASS
B093HCWPJZ,1,1,0,0,0,0,1,1,0,PASS
B093PW419Y,2,2,0,0,0,0,2,2,0,PASS
B093SYR9Y5,10,10,0,0,0,0,10,10,0,PASS
B093T1J82P,36,36,0,0,0,0,36,36,0,PASS
B093T26CQL,4,4,0,0,0,0,4,4,0,PASS
B093T2C59D,9,9,0,0,0,0,9,9,0,PASS
B093T2GXBF,5,5,0,0,0,0,5,5,0,PASS
B093T2HQF5,49,49,0,0,0,0,49,49,0,PASS
B093T2J5FZ,9,9,0,0,0,0,9,9,0,PASS
B093T2KLYL,0,0,0,0,0,0,0,0,0,PASS
B093T331FJ,3,3,0,0,0,0,3,3,0,PASS
B093T37BQ8,44,44,0,3,3,0,47,47,0,PASS
B093T38VGM,57,57,0,0,0,0,57,57,0,PASS
B093T3K5GN,0,0,0,0,0,0,0,0,0,PASS
B093T3N4SS,10,10,0,0,0,0,10,10,0,PASS
B093T3PN37,35,35,0,0,0,0,35,35,0,PASS
B093T3Q47R,88,88,0,0,0,0,88,88,0,PASS
B093T3R792,0,0,0,0,0,0,0,0,0,PASS
B093T3RDX3,0,0,0,0,0,0,0,0,0,PASS
B093T3RY5B,0,0,0,0,0,0,0,0,0,PASS
B093T3TR2Y,10,10,0,0,0,0,10,10,0,PASS
B093T3WNMZ,87,87,0,4,4,0,91,91,0,PASS
B093T3YTQ7,0,0,0,0,0,0,0,0,0,PASS
B093T47DB9,33,33,0,2,2,0,35,35,0,PASS
B093T47MYR,117,117,0,0,0,0,117,117,0,PASS
B093T4BCYY,9,9,0,0,0,0,9,9,0,PASS
B093T4C3T5,12,12,0,0,0,0,12,12,0,PASS
B093T4C95B,111,111,0,0,0,0,111,111,0,PASS
B093T4FQVW,133,133,0,33,33,0,166,166,0,PASS
B093T4JFNN,0,0,0,0,0,0,0,0,0,PASS
B093T4KT3T,0,0,0,0,0,0,0,0,0,PASS
B093T4L68X,362,362,0,54,54,0,416,416,0,PASS
B093T4MX3H,0,0,0,0,0,0,0,0,0,PASS
B093T4RJ2F,0,0,0,0,0,0,0,0,0,PASS
B093T4RM87,1,1,0,0,0,0,1,1,0,PASS
B093T52NGL,25,25,0,0,0,0,25,25,0,PASS
B093TDJGGL,56,56,0,0,0,0,56,56,0,PASS
B093TDWT9W,0,0,0,0,0,0,0,0,0,PASS
B093TJ9XMH,14,14,0,0,0,0,14,14,0,PASS
B094Y2TSVW,1,1,0,0,0,0,1,1,0,PASS
B095C9WS86,1,1,0,0,0,0,1,1,0,PASS
B095CDCHT2,2,2,0,0,0,0,2,2,0,PASS
B095CF2KJ5,3,3,0,0,0,0,3,3,0,PASS
B095PNG4CN,34,34,0,0,0,0,34,34,0,PASS
B095PNWV1J,19,19,0,0,0,0,19,19,0,PASS
B095PQ4R9M,19,19,0,8,8,0,27,27,0,PASS
B095PRHY6W,20,20,0,0,0,0,20,20,0,PASS
B095PT9Q9S,18,18,0,2,2,0,20,20,0,PASS
B095PVFF8B,143,143,0,18,18,0,161,161,0,PASS
B096VRY6HK,3,3,0,0,0,0,3,3,0,PASS
B096VSZGYY,8,8,0,0,0,0,8,8,0,PASS
B097KBBBPK,1,1,0,0,0,0,1,1,0,PASS
B09B42DZ51,10,10,0,0,0,0,10,10,0,PASS
B09B4385MF,4,4,0,0,0,0,4,4,0,PASS
B09B455L48,11,11,0,0,0,0,11,11,0,PASS
B09B45XPFC,4,4,0,0,0,0,4,4,0,PASS
B09J8YNKTR,7,7,0,0,0,0,7,7,0,PASS
B09V18RTM7,4,4,0,10,10,0,14,14,0,PASS
B0BT82BNTS,15,15,0,0,0,0,15,15,0,PASS
B0BT82CN5B,11,11,0,0,0,0,11,11,0,PASS
B0BT82TZHN,12,12,0,0,0,0,12,12,0,PASS
B0BT82YDJK,0,0,0,0,0,0,0,0,0,PASS
B0BT82Z2LZ,5,5,0,0,0,0,5,5,0,PASS
B0BT83ZLGM,19,19,0,0,0,0,19,19,0,PASS
B0BVZKS9VP,1,1,0,0,0,0,1,1,0,PASS
B0BW4G5LLG,1,1,0,0,0,0,1,1,0,PASS
B0BW4MYF23,2,2,0,0,0,0,2,2,0,PASS
B0BW4NG3GP,2,2,0,0,0,0,2,2,0,PASS
B0BW4PW866,1,1,0,0,0,0,1,1,0,PASS
B0BWJV94SW,3,3,0,0,0,0,3,3,0,PASS
B0BWJVMLCG,1,1,0,0,0,0,1,1,0,PASS
B0BWJVXGT6,24,24,0,0,0,0,24,24,0,PASS
B0BWJW4R8T,2,2,0,0,0,0,2,2,0,PASS
B0BWJW5MDH,2,2,0,0,0,0,2,2,0,PASS
B0BWJWCNK9,6,6,0,0,0,0,6,6,0,PASS
B0BWJWGXD4,179,179,0,118,118,0,297,297,0,PASS
B0BWJWPNK6,1,1,0,0,0,0,1,1,0,PASS
B0BWJWWWL2,7,7,0,0,0,0,7,7,0,PASS
B0BWJWYS4P,0,0,0,0,0,0,0,0,0,PASS
B0BWJWZLW5,0,0,0,0,0,0,0,0,0,PASS
B0BWJXQC9Z,1,1,0,0,0,0,1,1,0,PASS
B0BWJXVG2P,5,5,0,0,0,0,5,5,0,PASS
B0BWNHCDD4,0,0,0,0,0,0,0,0,0,PASS
B0BWNHG8K9,1,1,0,0,0,0,1,1,0,PASS
B0BWNHTXYM,0,0,0,0,0,0,0,0,0,PASS
B0BWNJVGCP,0,0,0,0,0,0,0,0,0,PASS
B0BWNKLZDR,4,4,0,0,0,0,4,4,0,PASS
B0BWNKRWTW,1,1,0,0,0,0,1,1,0,PASS
B0BWNL4X15,0,0,0,0,0,0,0,0,0,PASS
B0BWNLPNNM,2,2,0,0,0,0,2,2,0,PASS
B0BWNM7SXW,1,1,0,0,0,0,1,1,0,PASS
B0BWRJJWW4,1,1,0,0,0,0,1,1,0,PASS
B0BWS58M45,11,11,0,0,0,0,11,11,0,PASS
B0BWS65HG6,1,1,0,0,0,0,1,1,0,PASS
B0BWS6GSL7,9,9,0,0,0,0,9,9,0,PASS
B0BWS6V8RM,3,3,0,0,0,0,3,3,0,PASS
B0BWS7GYWL,1,1,0,0,0,0,1,1,0,PASS
B0BWS7JGH9,5,5,0,0,0,0,5,5,0,PASS
B0BWS7PZ92,30,30,0,0,0,0,30,30,0,PASS
B0BWS7R5M9,3,3,0,0,0,0,3,3,0,PASS
B0BWS7SZNL,0,0,0,0,0,0,0,0,0,PASS
B0BWS89TLJ,0,0,0,0,0,0,0,0,0,PASS
B0BWS8HNHX,1,1,0,0,0,0,1,1,0,PASS
B0BWS8JP79,20,20,0,0,0,0,20,20,0,PASS
B0BWS8WR39,3,3,0,0,0,0,3,3,0,PASS
B0BWSB12W8,0,0,0,0,0,0,0,0,0,PASS
B0BWTV2937,71,71,0,0,0,0,71,71,0,PASS
B0BWTX1RJ6,1,1,0,0,0,0,1,1,0,PASS
B0BWTX5K2W,45,45,0,0,0,0,45,45,0,PASS
B0BWTX6NJ8,8,8,0,0,0,0,8,8,0,PASS
B0BWTXX397,3,3,0,0,0,0,3,3,0,PASS
B0BWTY1269,10,10,0,0,0,0,10,10,0,PASS
B0BWTY1TRR,12,12,0,0,0,0,12,12,0,PASS
B0BWTY3YZS,2,2,0,0,0,0,2,2,0,PASS
B0BWTZ1238,4,4,0,0,0,0,4,4,0,PASS
B0BWYFBZDV,13,13,0,0,0,0,13,13,0,PASS
B0BWYGBNS7,24,24,0,0,0,0,24,24,0,PASS
B0BWYGFPSN,21,21,0,0,0,0,21,21,0,PASS
B0BWYGFXPL,12,12,0,0,0,0,12,12,0,PASS
B0BWYGKPXF,29,29,0,0,0,0,29,29,0,PASS
B0BWYGL5JL,21,21,0,0,0,0,21,21,0,PASS
B0BWYH1QD6,24,24,0,0,0,0,24,24,0,PASS
B0BWYH5ZD7,18,18,0,0,0,0,18,18,0,PASS
B0BWYHBB1X,0,0,0,0,0,0,0,0,0,PASS
B0BX3WF5W9,7,7,0,3,3,0,10,10,0,PASS
B0BX3WFQ54,12,12,0,0,0,0,12,12,0,PASS
B0BX3WFQCZ,14,14,0,0,0,0,14,14,0,PASS
B0BX3WJ8XT,9,9,0,0,0,0,9,9,0,PASS
B0BX3Y8RQL,6,6,0,0,0,0,6,6,0,PASS
B0BX3YZZX5,14,14,0,0,0,0,14,14,0,PASS
B0BX41N2J5,10,10,0,0,0,0,10,10,0,PASS
B0BX41RTTW,3,3,0,0,0,0,3,3,0,PASS
B0BX42221D,5,5,0,0,0,0,5,5,0,PASS
B0BX422224,26,26,0,0,0,0,26,26,0,PASS
B0BX42DWWZ,18,18,0,0,0,0,18,18,0,PASS
B0BX43LBC1,3,3,0,0,0,0,3,3,0,PASS
B0BX441NG5,0,0,0,0,0,0,0,0,0,PASS
B0BX44PZG7,13,13,0,0,0,0,13,13,0,PASS
B0BX45BX2R,5,5,0,0,0,0,5,5,0,PASS
B0BX46169V,10,10,0,0,0,0,10,10,0,PASS
B0BX46W4NQ,5,5,0,0,0,0,5,5,0,PASS
B0BX49CTDR,2,2,0,0,0,0,2,2,0,PASS
B0BX49LJ1B,18,18,0,0,0,0,18,18,0,PASS
B0BX49RQRY,6,6,0,0,0,0,6,6,0,PASS
B0BX4B6F3W,56,56,0,0,0,0,56,56,0,PASS
B0BX4C6Y19,9,9,0,0,0,0,9,9,0,PASS
B0BX4CCKWJ,2,2,0,0,0,0,2,2,0,PASS
B0BX4CCRYC,9,9,0,0,0,0,9,9,0,PASS
B0BX4D9YS6,11,11,0,0,0,0,11,11,0,PASS
B0BX4DWGHD,22,22,0,2,2,0,24,24,0,PASS
B0BX4GWZK3,15,15,0,0,0,0,15,15,0,PASS
B0BY52F5KT,27,27,0,0,0,0,27,27,0,PASS
B0BY532NF9,8,8,0,0,0,0,8,8,0,PASS
B0BY56SQKF,6,6,0,0,0,0,6,6,0,PASS
B0BY57G4PR,46,46,0,0,0,0,46,46,0,PASS
B0BY58C6W5,4,4,0,0,0,0,4,4,0,PASS
B0C1K81F8G,21,21,0,0,0,0,21,21,0,PASS
B0C1K8NNTS,39,39,0,0,0,0,39,39,0,PASS
B0C1KHWNCJ,47,47,0,0,0,0,47,47,0,PASS
B0C2KR7JQ6,7,7,0,0,0,0,7,7,0,PASS
B0C2KRMRKX,12,12,0,0,0,0,12,12,0,PASS
B0C2KRQDF8,21,21,0,0,0,0,21,21,0,PASS
B0C2KTQSBY,8,8,0,0,0,0,8,8,0,PASS
B0C2KTS5Z6,10,10,0,0,0,0,10,10,0,PASS
B0C2KV6F4Y,9,9,0,0,0,0,9,9,0,PASS
B0C2KVC5Q9,14,14,0,0,0,0,14,14,0,PASS
B0C2KVH4C9,7,7,0,0,0,0,7,7,0,PASS
B0C2KVM2G2,20,20,0,0,0,0,20,20,0,PASS
B0C2KW1KL4,8,8,0,0,0,0,8,8,0,PASS
B0C2KW36BR,22,22,0,0,0,0,22,22,0,PASS
B0C37FMDF5,17,17,0,0,0,0,17,17,0,PASS
B0C37GN56P,0,0,0,0,0,0,0,0,0,PASS
B0C37HDW7C,0,0,0,0,0,0,0,0,0,PASS
B0C37HRV9V,37,37,0,0,0,0,37,37,0,PASS
B0C37JCQS7,0,0,0,0,0,0,0,0,0,PASS
B0C37JGRSW,0,0,0,0,0,0,0,0,0,PASS
B0C37JZZ7Z,0,0,0,0,0,0,0,0,0,PASS
B0C37KMS2T,50,50,0,0,0,0,50,50,0,PASS
B0C3GVMZ1G,44,44,0,0,0,0,44,44,0,PASS
B0C3GW4TBV,14,14,0,0,0,0,14,14,0,PASS
B0C3GX7DNZ,52,52,0,0,0,0,52,52,0,PASS
B0C3GY6GVJ,46,46,0,0,0,0,46,46,0,PASS
B0C3GY929H,28,28,0,0,0,0,28,28,0,PASS
B0C3GYCJXX,35,35,0,0,0,0,35,35,0,PASS
B0C3GYVP4J,89,89,0,0,0,0,89,89,0,PASS
B0C3H1WPMH,21,21,0,0,0,0,21,21,0,PASS
B0C3RJ2R51,21,21,0,0,0,0,21,21,0,PASS
B0C3ZPTYTQ,37,37,0,0,0,0,37,37,0,PASS
B0C3ZSKKTC,7,7,0,0,0,0,7,7,0,PASS
B0C3ZT3VR1,161,161,0,61,61,0,222,222,0,PASS
B0C3ZT6D5G,66,66,0,135,135,0,201,201,0,PASS
B0C3ZT8HVF,336,336,0,4,4,0,340,340,0,PASS
B0C3ZTBRHZ,303,303,0,201,201,0,504,504,0,PASS
B0C3ZTKF5K,39,39,0,0,0,0,39,39,0,PASS
B0C3ZTR2VC,44,44,0,94,94,0,138,138,0,PASS
B0C3ZTYGH8,9,9,0,0,0,0,9,9,0,PASS
B0C3ZVCSP7,40,40,0,0,0,0,40,40,0,PASS
B0C46V4QZV,33,33,0,0,0,0,33,33,0,PASS
B0C4HC2TTJ,1,1,0,0,0,0,1,1,0,PASS
B0C4HCRZ32,3,3,0,0,0,0,3,3,0,PASS
B0C4HCZ57T,16,16,0,0,0,0,16,16,0,PASS
B0C4LWFNNQ,6,6,0,0,0,0,6,6,0,PASS
B0C4LWG9JR,8,8,0,0,0,0,8,8,0,PASS
B0C4LWJMCS,29,29,0,0,0,0,29,29,0,PASS
B0C4LX1VXL,20,20,0,0,0,0,20,20,0,PASS
B0C5XWK2V7,8,8,0,0,0,0,8,8,0,PASS
B0C5XXZBQJ,3,3,0,0,0,0,3,3,0,PASS
B0C5XYCYB6,5,5,0,0,0,0,5,5,0,PASS
B0C5Y43YP3,14,14,0,0,0,0,14,14,0,PASS
B0C7BZ5756,73,73,0,93,93,0,166,166,0,PASS
B0C7C59JYH,141,141,0,55,55,0,196,196,0,PASS
B0C7C6LPRH,47,47,0,20,20,0,67,67,0,PASS
B0C7C8LWY9,122,122,0,81,81,0,203,203,0,PASS
B0C7CHBQVS,41,41,0,0,0,0,41,41,0,PASS
B0C7CJHCB3,97,97,0,0,0,0,97,97,0,PASS
B0C7CLSCMB,22,22,0,0,0,0,22,22,0,PASS
B0C7CLVDHR,318,318,0,56,56,0,374,374,0,PASS
B0C7CMT1PQ,132,132,0,35,35,0,167,167,0,PASS
B0C7CP2ZD3,1,1,0,0,0,0,1,1,0,PASS
B0C7CPG7LG,7,7,0,35,35,0,42,42,0,PASS
B0C7CPLXK8,10,10,0,0,0,0,10,10,0,PASS
B0C7CRJC1T,7,7,0,0,0,0,7,7,0,PASS
B0C7G86VHW,13,13,0,0,0,0,13,13,0,PASS
B0C7G8HKHS,5,5,0,0,0,0,5,5,0,PASS
B0C7G9YFQJ,11,11,0,0,0,0,11,11,0,PASS
B0C7GB5R59,3,3,0,0,0,0,3,3,0,PASS
B0C7GB9V47,23,23,0,0,0,0,23,23,0,PASS
B0C7GBXNTF,7,7,0,0,0,0,7,7,0,PASS
B0C7GBYXVQ,12,12,0,0,0,0,12,12,0,PASS
B0C7GC9MB2,12,12,0,0,0,0,12,12,0,PASS
B0C7GCJ418,8,8,0,0,0,0,8,8,0,PASS
B0C7GCTVP5,13,13,0,0,0,0,13,13,0,PASS
B0C7GDCJ7N,1,1,0,0,0,0,1,1,0,PASS
B0C7H14NL9,4,4,0,0,0,0,4,4,0,PASS
B0C7H1D9JN,13,13,0,0,0,0,13,13,0,PASS
B0C7H1M3JD,77,77,0,0,0,0,77,77,0,PASS
B0C7H2N8J4,44,44,0,0,0,0,44,44,0,PASS
B0C7H2X9HQ,20,20,0,0,0,0,20,20,0,PASS
B0C7H33MW9,8,8,0,0,0,0,8,8,0,PASS
B0C7H3C8L8,28,28,0,0,0,0,28,28,0,PASS
B0C7H57Y9P,13,13,0,0,0,0,13,13,0,PASS
B0C7H5VQW8,35,35,0,0,0,0,35,35,0,PASS
B0C8BLHFF5,11,11,0,0,0,0,11,11,0,PASS
B0C8ND45HZ,17,17,0,0,0,0,17,17,0,PASS
B0C8PCNLXV,2,2,0,0,0,0,2,2,0,PASS
B0C9TQGHKN,14,14,0,0,0,0,14,14,0,PASS
B0C9TSHB33,43,43,0,58,58,0,101,101,0,PASS
B0C9TTZBV7,32,32,0,11,11,0,43,43,0,PASS
B0C9TWTCZ8,893,893,0,0,0,0,893,893,0,PASS
B0C9TY8GWK,44,44,0,0,0,0,44,44,0,PASS
B0C9WYFLS8,6,6,0,0,0,0,6,6,0,PASS
B0C9WYVMC5,3,3,0,0,0,0,3,3,0,PASS
B0C9WYY41L,0,0,0,0,0,0,0,0,0,PASS
B0C9WZ8PNF,23,23,0,0,0,0,23,23,0,PASS
B0C9WZSBGH,9,9,0,0,0,0,9,9,0,PASS
B0C9WZW4XL,3,3,0,0,0,0,3,3,0,PASS
B0C9X15CNM,3,3,0,0,0,0,3,3,0,PASS
B0C9X1J1CV,0,0,0,0,0,0,0,0,0,PASS
B0C9X1WW8H,15,15,0,0,0,0,15,15,0,PASS
B0C9X28TYN,5,5,0,0,0,0,5,5,0,PASS
B0C9X2D3C5,8,8,0,0,0,0,8,8,0,PASS
B0C9X2SN8P,3,3,0,0,0,0,3,3,0,PASS
B0C9X3BDL4,4,4,0,0,0,0,4,4,0,PASS
B0C9X4ZXZ6,1,1,0,0,0,0,1,1,0,PASS
B0C9X57647,0,0,0,0,0,0,0,0,0,PASS
B0C9X636L3,2,2,0,0,0,0,2,2,0,PASS
B0C9X67GZJ,34,34,0,0,0,0,34,34,0,PASS
B0C9X6LZLJ,0,0,0,0,0,0,0,0,0,PASS
B0C9X78PBJ,2,2,0,0,0,0,2,2,0,PASS
B0C9X7CFC9,11,11,0,0,0,0,11,11,0,PASS
B0C9X7QM92,16,16,0,0,0,0,16,16,0,PASS
B0C9X7W5BZ,2,2,0,0,0,0,2,2,0,PASS
B0C9X8DFVX,5,5,0,0,0,0,5,5,0,PASS
B0CB1KJ3XJ,44,44,0,0,0,0,44,44,0,PASS
B0CB1Q1X9G,7,7,0,0,0,0,7,7,0,PASS
B0CB32238W,1,1,0,0,0,0,1,1,0,PASS
B0CB38CYL6,1,1,0,0,0,0,1,1,0,PASS
B0CB3B6NVZ,0,0,0,0,0,0,0,0,0,PASS
B0CB4MLVNZ,9,9,0,0,0,0,9,9,0,PASS
B0CB4NNTQ8,0,0,0,0,0,0,0,0,0,PASS
B0CB4P4XND,19,19,0,0,0,0,19,19,0,PASS
B0CB4P6RGN,8,8,0,0,0,0,8,8,0,PASS
B0CB4QWMMZ,2,2,0,0,0,0,2,2,0,PASS
B0CB4RB8F6,3,3,0,2,2,0,5,5,0,PASS
B0CB4RR7VK,10,10,0,0,0,0,10,10,0,PASS
B0CB4TFDDN,0,0,0,0,0,0,0,0,0,PASS
B0CB89662N,29,29,0,0,0,0,29,29,0,PASS
B0CB89CBCQ,5,5,0,0,0,0,5,5,0,PASS
B0CB89RMST,4,4,0,0,0,0,4,4,0,PASS
B0CB8BKR7H,1,1,0,0,0,0,1,1,0,PASS
B0CB8BM598,0,0,0,0,0,0,0,0,0,PASS
B0CB8BV8GD,19,19,0,0,0,0,19,19,0,PASS
B0CB8BVNXR,0,0,0,0,0,0,0,0,0,PASS
B0CB8CC7YL,0,0,0,0,0,0,0,0,0,PASS
B0CB8CF2V3,13,13,0,0,0,0,13,13,0,PASS
B0CB8D5MMC,12,12,0,200,200,0,212,212,0,PASS
B0CB8F5RXR,0,0,0,0,0,0,0,0,0,PASS
B0CBBDLHBZ,6,6,0,0,0,0,6,6,0,PASS
B0CBBFL216,8,8,0,0,0,0,8,8,0,PASS
B0CBBFVZ5M,3,3,0,0,0,0,3,3,0,PASS
B0CBBGGWH5,6,6,0,0,0,0,6,6,0,PASS
B0CBBJWMKS,10,10,0,0,0,0,10,10,0,PASS
B0CBBXZ61N,3,3,0,0,0,0,3,3,0,PASS
B0CBBYF5QX,29,29,0,0,0,0,29,29,0,PASS
B0CBBZWLPY,4,4,0,0,0,0,4,4,0,PASS
B0CBC124VF,0,0,0,0,0,0,0,0,0,PASS
B0CBC1GDL6,7,7,0,0,0,0,7,7,0,PASS
B0CBC1M6KY,4,4,0,0,0,0,4,4,0,PASS
B0CBC1NT64,6,6,0,0,0,0,6,6,0,PASS
B0CBC1ZBTP,1,1,0,0,0,0,1,1,0,PASS
B0CBC22L4K,14,14,0,0,0,0,14,14,0,PASS
B0CBC2P2F2,1,1,0,0,0,0,1,1,0,PASS
B0CBC3Y2KJ,2,2,0,0,0,0,2,2,0,PASS
B0CBMNDNVX,23,23,0,0,0,0,23,23,0,PASS
B0CBQ1WG3C,10,10,0,0,0,0,10,10,0,PASS
B0CBSP6SC2,67,67,0,0,0,0,67,67,0,PASS
B0CC61Q4XF,5,5,0,0,0,0,5,5,0,PASS
B0CC62QM7Y,66,66,0,0,0,0,66,66,0,PASS
B0CC65QCMF,25,25,0,18,18,0,43,43,0,PASS
B0CC9H9R6B,5,5,0,0,0,0,5,5,0,PASS
B0CC9HCBTS,0,0,0,0,0,0,0,0,0,PASS
B0CC9HLBK8,2,2,0,0,0,0,2,2,0,PASS
B0CC9K8CJY,0,0,0,0,0,0,0,0,0,PASS
B0CC9KS687,0,0,0,0,0,0,0,0,0,PASS
B0CC9MLKFJ,1,1,0,0,0,0,1,1,0,PASS
B0CC9MQZ84,2,2,0,0,0,0,2,2,0,PASS
B0CC9N1QFR,4,4,0,0,0,0,4,4,0,PASS
B0CC9N8HJS,2,2,0,0,0,0,2,2,0,PASS
B0CC9PLBYT,3,3,0,0,0,0,3,3,0,PASS
B0CC9PMP61,1,1,0,0,0,0,1,1,0,PASS
B0CCF5KBJH,16,16,0,2,2,0,18,18,0,PASS
B0CCF6K99Y,2,2,0,0,0,0,2,2,0,PASS
B0CCF83CYJ,19,19,0,0,0,0,19,19,0,PASS
B0CCJ4NTKZ,31,31,0,0,0,0,31,31,0,PASS
B0CCJ6LGKK,1,1,0,0,0,0,1,1,0,PASS
B0CCJ7D14K,6,6,0,0,0,0,6,6,0,PASS
B0CCJ7VWW4,1,1,0,0,0,0,1,1,0,PASS
B0CCJ84YJT,6,6,0,0,0,0,6,6,0,PASS
B0CCJ88P7B,5,5,0,0,0,0,5,5,0,PASS
B0CCJ8CZMW,2,2,0,0,0,0,2,2,0,PASS
B0CCJ8GK3H,3,3,0,0,0,0,3,3,0,PASS
B0CCJ8GT5G,1,1,0,0,0,0,1,1,0,PASS
B0CCJ8H5FM,0,0,0,0,0,0,0,0,0,PASS
B0CCJ8K8SW,7,7,0,0,0,0,7,7,0,PASS
B0CCJ8LSP2,7,7,0,0,0,0,7,7,0,PASS
B0CCJ8STB9,0,0,0,0,0,0,0,0,0,PASS
B0CCJ96LFX,3,3,0,0,0,0,3,3,0,PASS
B0CCJB8DP8,4,4,0,0,0,0,4,4,0,PASS
B0CCJBR7X1,1,1,0,0,0,0,1,1,0,PASS
B0CCJC5MDM,8,8,0,0,0,0,8,8,0,PASS
B0CCJCDZR8,6,6,0,0,0,0,6,6,0,PASS
B0CCJQMZZ8,3,3,0,59,59,0,62,62,0,PASS
B0CCL8GK6H,4,4,0,0,0,0,4,4,0,PASS
B0CCLB7RFR,0,0,0,0,0,0,0,0,0,PASS
B0CCLC75FH,14,14,0,0,0,0,14,14,0,PASS
B0CCW29XS8,28,28,0,0,0,0,28,28,0,PASS
B0CCW6LMXF,31,31,0,0,0,0,31,31,0,PASS
B0CCW86LQF,23,23,0,58,58,0,81,81,0,PASS
B0CCYFH6XY,28,28,0,0,0,0,28,28,0,PASS
B0CD2C431D,0,0,0,0,0,0,0,0,0,PASS
B0CD2D4QDH,19,19,0,0,0,0,19,19,0,PASS
B0CD2G3VX2,17,17,0,0,0,0,17,17,0,PASS
B0CF8RVSCL,5,5,0,27,27,0,32,32,0,PASS
B0CFTTXSB9,0,0,0,0,0,0,0,0,0,PASS
B0CFTV6BY6,51,51,0,6,6,0,57,57,0,PASS
B0CFTVRY4L,0,0,0,0,0,0,0,0,0,PASS
B0CFTWSXNV,1,1,0,0,0,0,1,1,0,PASS
B0CG5XVG11,7,7,0,0,0,0,7,7,0,PASS
B0CG5YC965,13,13,0,0,0,0,13,13,0,PASS
B0CG5YGHNW,3,3,0,0,0,0,3,3,0,PASS
B0CG5YZXMP,9,9,0,3,3,0,12,12,0,PASS
B0CG5ZHJYF,19,19,0,11,11,0,30,30,0,PASS
B0CG61V914,8,8,0,0,0,0,8,8,0,PASS
B0CG8MKK56,141,141,0,30,30,0,171,171,0,PASS
B0CGVGS81Z,1,1,0,0,0,0,1,1,0,PASS
B0CGZQ6JCN,45,45,0,19,19,0,64,64,0,PASS
B0CGZQV9Y7,165,165,0,82,82,0,247,247,0,PASS
B0CGZRV5GV,9,9,0,0,0,0,9,9,0,PASS
B0CGZSD2RV,26,26,0,30,30,0,56,56,0,PASS
B0CH2WX37Y,2,2,0,0,0,0,2,2,0,PASS
B0CH2XHVD9,55,55,0,0,0,0,55,55,0,PASS
B0CH2XP8HC,4,4,0,0,0,0,4,4,0,PASS
B0CH86VKRD,3,3,0,0,0,0,3,3,0,PASS
B0CH8815H7,1,1,0,0,0,0,1,1,0,PASS
B0CHMSPNSP,10,10,0,0,0,0,10,10,0,PASS
B0CJ4Q2DF3,79,79,0,20,20,0,99,99,0,PASS
B0CJ4QZ15C,49,49,0,9,9,0,58,58,0,PASS
B0CJ4R5796,67,67,0,162,162,0,229,229,0,PASS
B0CJ4RX6S2,43,43,0,0,0,0,43,43,0,PASS
B0CJ8BN5TM,28,28,0,54,54,0,82,82,0,PASS
B0CJC62KSS,3,3,0,26,26,0,29,29,0,PASS
B0CJCC6J63,1,1,0,0,0,0,1,1,0,PASS
B0CJCCGZ4L,2,2,0,0,0,0,2,2,0,PASS
B0CJCDJVLN,82,82,0,0,0,0,82,82,0,PASS
B0CJCDPV58,28,28,0,0,0,0,28,28,0,PASS
B0CJCDXV8R,3,3,0,27,27,0,30,30,0,PASS
B0CJCDZWRB,7,7,0,47,47,0,54,54,0,PASS
B0CJCF4CQW,10,10,0,0,0,0,10,10,0,PASS
B0CJCF4J3H,6,6,0,0,0,0,6,6,0,PASS
B0CJCF5PCD,46,46,0,0,0,0,46,46,0,PASS
B0CJCFF5SY,8,8,0,8,8,0,16,16,0,PASS
B0CJCGSNJB,32,32,0,0,0,0,32,32,0,PASS
B0CJFH1SK7,1,1,0,0,0,0,1,1,0,PASS
B0CK42P67J,6,6,0,0,0,0,6,6,0,PASS
B0CK4CZRDZ,8,8,0,0,0,0,8,8,0,PASS
B0CKLKM7JZ,2,2,0,0,0,0,2,2,0,PASS
B0CKLM52VJ,7,7,0,0,0,0,7,7,0,PASS
B0CLP9ZR8S,0,0,0,0,0,0,0,0,0,PASS
B0CP1VRQL3,5,5,0,0,0,0,5,5,0,PASS
B0CP3F8DJ8,1,1,0,0,0,0,1,1,0,PASS
B0CP3F8YP1,5,5,0,0,0,0,5,5,0,PASS
B0CP3F9JXM,1,1,0,0,0,0,1,1,0,PASS
B0CP3FB4WG,5,5,0,0,0,0,5,5,0,PASS
B0CP3FF282,26,26,0,0,0,0,26,26,0,PASS
B0CP3FLWFS,0,0,0,0,0,0,0,0,0,PASS
B0CP3FP22V,0,0,0,0,0,0,0,0,0,PASS
B0CP3GD14W,5,5,0,0,0,0,5,5,0,PASS
B0CP3GF8CL,10,10,0,0,0,0,10,10,0,PASS
B0CPBTW85Y,9,9,0,0,0,0,9,9,0,PASS
B0CPBV7V18,4,4,0,0,0,0,4,4,0,PASS
B0CPBVLN14,5,5,0,0,0,0,5,5,0,PASS
B0CPBVNNQX,15,15,0,0,0,0,15,15,0,PASS
B0CPBVT5KZ,55,55,0,0,0,0,55,55,0,PASS
B0CPBVWYSL,27,27,0,0,0,0,27,27,0,PASS
B0CPBVYJG3,8,8,0,0,0,0,8,8,0,PASS
B0CPBW1B4F,16,16,0,0,0,0,16,16,0,PASS
B0CPBW3J4P,22,22,0,0,0,0,22,22,0,PASS
B0CPBW4PFF,5,5,0,0,0,0,5,5,0,PASS
B0CPBWBX63,10,10,0,0,0,0,10,10,0,PASS
B0CPBWC2T4,15,15,0,0,0,0,15,15,0,PASS
B0CPBWDFRG,10,10,0,0,0,0,10,10,0,PASS
B0CPBWKXZR,17,17,0,0,0,0,17,17,0,PASS
B0CPBWNV2D,4,4,0,0,0,0,4,4,0,PASS
B0CPBWQGF4,2,2,0,0,0,0,2,2,0,PASS
B0CPBWRQKP,13,13,0,14,14,0,27,27,0,PASS
B0CPBWT88V,6,6,0,0,0,0,6,6,0,PASS
B0CPBWTNW1,5,5,0,0,0,0,5,5,0,PASS
B0CPBWTQND,5,5,0,0,0,0,5,5,0,PASS
B0CPBWV37P,5,5,0,0,0,0,5,5,0,PASS
B0CPBWXLWY,27,27,0,0,0,0,27,27,0,PASS
B0CPBX28RC,20,20,0,0,0,0,20,20,0,PASS
B0CPBX49HJ,7,7,0,50,50,0,57,57,0,PASS
B0CPBX4N1D,1,1,0,0,0,0,1,1,0,PASS
B0CPBX86K6,22,22,0,0,0,0,22,22,0,PASS
B0CPBX8MV5,13,13,0,0,0,0,13,13,0,PASS
B0CPBX9LYX,26,26,0,0,0,0,26,26,0,PASS
B0CPBXBX8H,24,24,0,0,0,0,24,24,0,PASS
B0CPBXD3C5,40,40,0,0,0,0,40,40,0,PASS
B0CPBXF168,14,14,0,0,0,0,14,14,0,PASS
B0CPBXFL7C,23,23,0,0,0,0,23,23,0,PASS
B0CPBXH1XR,12,12,0,0,0,0,12,12,0,PASS
B0CPBXJ8N8,16,16,0,0,0,0,16,16,0,PASS
B0CPBXJMSS,38,38,0,4,4,0,42,42,0,PASS
B0CPBXJZZW,3,3,0,0,0,0,3,3,0,PASS
B0CPBXK43C,62,62,0,0,0,0,62,62,0,PASS
B0CPBXLS98,7,7,0,0,0,0,7,7,0,PASS
B0CPBXMGQP,8,8,0,0,0,0,8,8,0,PASS
B0CPBXMLYW,14,14,0,52,52,0,66,66,0,PASS
B0CPBXNC51,5,5,0,0,0,0,5,5,0,PASS
B0CPBXNMKP,14,14,0,0,0,0,14,14,0,PASS
B0CPBXP32L,4,4,0,0,0,0,4,4,0,PASS
B0CPBY28LB,32,32,0,0,0,0,32,32,0,PASS
B0CPBY82F5,3,3,0,0,0,0,3,3,0,PASS
B0CPBYMBNK,12,12,0,0,0,0,12,12,0,PASS
B0CQT54ZF8,13,13,0,0,0,0,13,13,0,PASS
B0CQT6KV3H,10,10,0,0,0,0,10,10,0,PASS
B0CQT71ZJ1,5,5,0,0,0,0,5,5,0,PASS
B0CQT78SLK,21,21,0,0,0,0,21,21,0,PASS
B0CQT7FF6B,7,7,0,0,0,0,7,7,0,PASS
B0CQT7VPJX,9,9,0,0,0,0,9,9,0,PASS
B0CQT81DRB,35,35,0,0,0,0,35,35,0,PASS
B0CQT843J9,16,16,0,0,0,0,16,16,0,PASS
B0CQT8BC9L,21,21,0,0,0,0,21,21,0,PASS
B0CRZ25PXP,9,9,0,59,59,0,68,68,0,PASS
B0CRZ2C9QS,6,6,0,0,0,0,6,6,0,PASS
B0CRZ2S89D,3,3,0,0,0,0,3,3,0,PASS
B0CRZ39GPD,11,11,0,0,0,0,11,11,0,PASS
B0CRZ491LZ,3,3,0,0,0,0,3,3,0,PASS
B0CRZ4F15Y,9,9,0,1,1,0,10,10,0,PASS
B0CRZ4FYL7,13,13,0,0,0,0,13,13,0,PASS
B0CRZ4GSZ2,7,7,0,0,0,0,7,7,0,PASS
B0CRZ4H3HM,18,18,0,28,28,0,46,46,0,PASS
B0CRZ4J572,11,11,0,0,0,0,11,11,0,PASS
B0CRZ4L8DQ,6,6,0,5,5,0,11,11,0,PASS
B0CRZ4M73L,7,7,0,0,0,0,7,7,0,PASS
B0CRZ4N2VK,4,4,0,0,0,0,4,4,0,PASS
B0CRZ4N3V7,4,4,0,0,0,0,4,4,0,PASS
B0CRZ4NYHV,4,4,0,0,0,0,4,4,0,PASS
B0CRZ53C55,8,8,0,0,0,0,8,8,0,PASS
B0CRZ53P67,4,4,0,0,0,0,4,4,0,PASS
B0CRZ54MPY,10,10,0,0,0,0,10,10,0,PASS
B0CRZ5BVRY,44,44,0,0,0,0,44,44,0,PASS
B0CRZ5DS7Q,20,20,0,0,0,0,20,20,0,PASS
B0CRZ5GV66,13,13,0,3,3,0,16,16,0,PASS
B0CRZ5HJTF,3,3,0,0,0,0,3,3,0,PASS
B0CRZ5RSD6,6,6,0,0,0,0,6,6,0,PASS
B0CRZ5TGDM,5,5,0,0,0,0,5,5,0,PASS
B0CRZ5Z4LM,12,12,0,0,0,0,12,12,0,PASS
B0CS6MSRCZ,2,2,0,0,0,0,2,2,0,PASS
B0CS9PCNSX,1,1,0,0,0,0,1,1,0,PASS
B0CS9PNL8L,10,10,0,21,21,0,31,31,0,PASS
B0CS9PS8J3,13,13,0,92,92,0,105,105,0,PASS
B0CS9PS8V3,7,7,0,0,0,0,7,7,0,PASS
B0CS9PSKG3,2,2,0,15,15,0,17,17,0,PASS
B0CS9PXHMJ,5,5,0,0,0,0,5,5,0,PASS
B0CS9Q1QH3,1,1,0,1,1,0,2,2,0,PASS
B0CS9Q78XH,42,42,0,118,118,0,160,160,0,PASS
B0CS9QKCQD,3,3,0,0,0,0,3,3,0,PASS
B0CS9QXNXQ,7,7,0,31,31,0,38,38,0,PASS
B0CTSTB292,30,30,0,0,0,0,30,30,0,PASS
B0CTSTBDXV,85,85,0,34,34,0,119,119,0,PASS
B0CTSVJKJ6,58,58,0,8,8,0,66,66,0,PASS
B0CTT2G3B5,71,71,0,37,37,0,108,108,0,PASS
B0CTT4CH4C,69,69,0,143,143,0,212,212,0,PASS
B0CTT9GB4R,51,51,0,52,52,0,103,103,0,PASS
B0CTT9MRNT,28,28,0,0,0,0,28,28,0,PASS
B0CTTD21V2,53,53,0,70,70,0,123,123,0,PASS
B0CTTFPLLV,109,109,0,107,107,0,216,216,0,PASS
B0CTTFVY5V,54,54,0,0,0,0,54,54,0,PASS
B0CTTGSYKH,116,116,0,11,11,0,127,127,0,PASS
B0CV7K3P22,74,74,0,0,0,0,74,74,0,PASS
B0CV7K4PZC,126,126,0,0,0,0,126,126,0,PASS
B0CV7RDB5B,33,33,0,0,0,0,33,33,0,PASS
B0CV7V5618,3,3,0,0,0,0,3,3,0,PASS
B0CVB8N9HV,18,18,0,0,0,0,18,18,0,PASS
B0CVB98NSX,9,9,0,0,0,0,9,9,0,PASS
B0CVB98VVG,15,15,0,0,0,0,15,15,0,PASS
B0CVGLP41D,6,6,0,0,0,0,6,6,0,PASS
B0CVGP2F8Y,9,9,0,0,0,0,9,9,0,PASS
B0CVGQ8N3K,24,24,0,0,0,0,24,24,0,PASS
B0CVGQB3GZ,53,53,0,0,0,0,53,53,0,PASS
B0CVGQC1GV,3,3,0,0,0,0,3,3,0,PASS
B0CVGQS94R,39,39,0,0,0,0,39,39,0,PASS
B0CVGSRCN1,9,9,0,0,0,0,9,9,0,PASS
B0CVGSVZDB,15,15,0,0,0,0,15,15,0,PASS
B0CVGWVBY3,15,15,0,0,0,0,15,15,0,PASS
B0CVGX7N4Z,18,18,0,0,0,0,18,18,0,PASS
B0CVGX971S,0,0,0,0,0,0,0,0,0,PASS
B0CVGXBVDS,32,32,0,0,0,0,32,32,0,PASS
B0CVGY5P13,42,42,0,0,0,0,42,42,0,PASS
B0CVGYLB25,28,28,0,0,0,0,28,28,0,PASS
B0CVGYPMT4,2,2,0,0,0,0,2,2,0,PASS
B0CVGYZF1P,3,3,0,0,0,0,3,3,0,PASS
B0CVH12NPC,50,50,0,0,0,0,50,50,0,PASS
B0CVH244Q1,40,40,0,0,0,0,40,40,0,PASS
B0CVH2DCW8,15,15,0,0,0,0,15,15,0,PASS
B0CVH31X72,8,8,0,0,0,0,8,8,0,PASS
B0CVH36LHZ,27,27,0,0,0,0,27,27,0,PASS
B0CVH4CM39,7,7,0,0,0,0,7,7,0,PASS
B0CVH4QJ7R,40,40,0,0,0,0,40,40,0,PASS
B0CVH87Z3W,10,10,0,0,0,0,10,10,0,PASS
B0CVHBJ9W9,8,8,0,0,0,0,8,8,0,PASS
B0CVHDFJRF,28,28,0,0,0,0,28,28,0,PASS
B0CVKHL1MF,7,7,0,0,0,0,7,7,0,PASS
B0CVKQ2C1F,23,23,0,13,13,0,36,36,0,PASS
B0CVKSQN9K,14,14,0,0,0,0,14,14,0,PASS
B0CVKVHP22,1,1,0,0,0,0,1,1,0,PASS
B0CVKXQMNQ,12,12,0,0,0,0,12,12,0,PASS
B0CVKXRB7D,5,5,0,0,0,0,5,5,0,PASS
B0CVKXWV6X,3,3,0,0,0,0,3,3,0,PASS
B0CVKZ4JHJ,3,3,0,0,0,0,3,3,0,PASS
B0CVKZ67VL,112,112,0,0,0,0,112,112,0,PASS
B0CVKZ9NMV,35,35,0,2,2,0,37,37,0,PASS
B0CVKZK2MQ,5,5,0,0,0,0,5,5,0,PASS
B0CVKZLG83,27,27,0,0,0,0,27,27,0,PASS
B0CVKZP3W2,21,21,0,0,0,0,21,21,0,PASS
B0CVKZQL8L,2,2,0,0,0,0,2,2,0,PASS
B0CVL1HNQJ,21,21,0,0,0,0,21,21,0,PASS
B0CVL1N6WV,10,10,0,0,0,0,10,10,0,PASS
B0CVL1NK4R,9,9,0,0,0,0,9,9,0,PASS
B0CVL1PQMQ,19,19,0,0,0,0,19,19,0,PASS
B0CVL2Q8R3,5,5,0,0,0,0,5,5,0,PASS
B0CVL32JC1,9,9,0,0,0,0,9,9,0,PASS
B0CVL32TZC,14,14,0,0,0,0,14,14,0,PASS
B0CVL3463J,6,6,0,0,0,0,6,6,0,PASS
B0CVL3DW4Q,21,21,0,0,0,0,21,21,0,PASS
B0CVL3H63B,9,9,0,2,2,0,11,11,0,PASS
B0CVL3JZJD,11,11,0,0,0,0,11,11,0,PASS
B0CVL3STRN,12,12,0,0,0,0,12,12,0,PASS
B0CVL3TRRS,30,30,0,12,12,0,42,42,0,PASS
B0CVL3X12C,25,25,0,0,0,0,25,25,0,PASS
B0CVL4FJD2,40,40,0,0,0,0,40,40,0,PASS
B0CVL4GG2F,16,16,0,0,0,0,16,16,0,PASS
B0CVL4JSQ4,2,2,0,0,0,0,2,2,0,PASS
B0CVL4XZZK,30,30,0,0,0,0,30,30,0,PASS
B0CVL4YKRT,6,6,0,0,0,0,6,6,0,PASS
B0CVL51C22,11,11,0,0,0,0,11,11,0,PASS
B0CVL5HFQX,11,11,0,0,0,0,11,11,0,PASS
B0CVL5MYFT,69,69,0,0,0,0,69,69,0,PASS
B0CVL5VC3D,7,7,0,0,0,0,7,7,0,PASS
B0CVL5VZ1Y,12,12,0,0,0,0,12,12,0,PASS
B0CVL6LPGG,23,23,0,0,0,0,23,23,0,PASS
B0CVL6V2V4,4,4,0,0,0,0,4,4,0,PASS
B0CVL6V87J,14,14,0,0,0,0,14,14,0,PASS
B0CVL7DB9S,55,55,0,0,0,0,55,55,0,PASS
B0CVL7N9XH,6,6,0,0,0,0,6,6,0,PASS
B0CVL7XLK4,7,7,0,0,0,0,7,7,0,PASS
B0CVL7YH8V,5,5,0,0,0,0,5,5,0,PASS
B0CVL7ZL7L,14,14,0,0,0,0,14,14,0,PASS
B0CVL84J2H,9,9,0,0,0,0,9,9,0,PASS
B0CVL86ZQ4,20,20,0,0,0,0,20,20,0,PASS
B0CVL87QT7,18,18,0,0,0,0,18,18,0,PASS
B0CVL8B7HT,7,7,0,0,0,0,7,7,0,PASS
B0CVL8HRBS,39,39,0,0,0,0,39,39,0,PASS
B0CVL8N94Y,9,9,0,0,0,0,9,9,0,PASS
B0CVL8TQ73,23,23,0,0,0,0,23,23,0,PASS
B0CVL8TRYJ,27,27,0,0,0,0,27,27,0,PASS
B0CVL97X6X,26,26,0,0,0,0,26,26,0,PASS
B0CVL9BG3D,16,16,0,0,0,0,16,16,0,PASS
B0CVL9C7P9,7,7,0,0,0,0,7,7,0,PASS
B0CVL9FRMG,15,15,0,0,0,0,15,15,0,PASS
B0CVL9FRMJ,21,21,0,0,0,0,21,21,0,PASS
B0CVL9JCWW,16,16,0,0,0,0,16,16,0,PASS
B0CVL9KZYD,4,4,0,0,0,0,4,4,0,PASS
B0CVL9L141,26,26,0,0,0,0,26,26,0,PASS
B0CVL9NNFT,13,13,0,5,5,0,18,18,0,PASS
B0CVL9XQ1L,12,12,0,0,0,0,12,12,0,PASS
B0CVLB3HDN,3,3,0,0,0,0,3,3,0,PASS
B0CVLC55W4,41,41,0,0,0,0,41,41,0,PASS
B0CVLC8XKT,14,14,0,0,0,0,14,14,0,PASS
B0CVLC93XQ,9,9,0,0,0,0,9,9,0,PASS
B0CVLCQKTG,8,8,0,0,0,0,8,8,0,PASS
B0CVLD618B,37,37,0,0,0,0,37,37,0,PASS
B0CVLD9WMD,15,15,0,0,0,0,15,15,0,PASS
B0CVLDC4BD,2,2,0,2,2,0,4,4,0,PASS
B0CVLF2Z6L,2,2,0,0,0,0,2,2,0,PASS
B0CVLF96JH,7,7,0,0,0,0,7,7,0,PASS
B0CVLFG3DT,39,39,0,0,0,0,39,39,0,PASS
B0CVMX2MY5,28,28,0,0,0,0,28,28,0,PASS
B0CVMYZXG2,4,4,0,0,0,0,4,4,0,PASS
B0CVMZBLZ7,84,84,0,0,0,0,84,84,0,PASS
B0CVN3GCBM,7,7,0,0,0,0,7,7,0,PASS
B0CVN68ZJ5,38,38,0,0,0,0,38,38,0,PASS
B0CVN6F67B,8,8,0,0,0,0,8,8,0,PASS
B0CVN6WP57,7,7,0,0,0,0,7,7,0,PASS
B0CVN8F88Z,5,5,0,0,0,0,5,5,0,PASS
B0CVQ31WVH,0,0,0,0,0,0,0,0,0,PASS
B0CVQ5H4NX,5,5,0,0,0,0,5,5,0,PASS
B0CVQ6TYTP,1,1,0,0,0,0,1,1,0,PASS
B0CVQ8NC5B,3,3,0,0,0,0,3,3,0,PASS
B0CVQBHY6S,1,1,0,0,0,0,1,1,0,PASS
B0CVQDVWLK,18,18,0,0,0,0,18,18,0,PASS
B0CVQF7CXG,5,5,0,0,0,0,5,5,0,PASS
B0CVQFSV4Z,13,13,0,5,5,0,18,18,0,PASS
B0CVQGCKTX,5,5,0,0,0,0,5,5,0,PASS
B0CVQKP6KT,1,1,0,0,0,0,1,1,0,PASS
B0CVQQH9FB,28,28,0,0,0,0,28,28,0,PASS
B0CW1TB57F,118,118,0,0,0,0,118,118,0,PASS
B0CW5X3HHV,19,19,0,65,65,0,84,84,0,PASS
B0CW9SBJBD,22,22,0,16,16,0,38,38,0,PASS
B0CWMDS3RK,7,7,0,0,0,0,7,7,0,PASS
B0CWNGXP1Z,9,9,0,0,0,0,9,9,0,PASS
B0CXDS4LTJ,5,5,0,0,0,0,5,5,0,PASS
B0CXDSGW2H,2,2,0,0,0,0,2,2,0,PASS
B0CXPRNXLT,20,20,0,68,68,0,88,88,0,PASS
B0CXPT6W9C,56,56,0,61,61,0,117,117,0,PASS
B0CXPV77DK,8,8,0,35,35,0,43,43,0,PASS
B0CXSLQ1DW,0,0,0,0,0,0,0,0,0,PASS
B0CXSLYXDK,6,6,0,0,0,0,6,6,0,PASS
B0CXSQZ68C,18,18,0,92,92,0,110,110,0,PASS
B0CXSS7XYX,56,56,0,140,140,0,196,196,0,PASS
B0CXSXN4KX,117,117,0,181,181,0,298,298,0,PASS
B0CXSYCZMR,11,11,0,0,0,0,11,11,0,PASS
B0CXT2NJD9,51,51,0,59,59,0,110,110,0,PASS
B0CYZVX28V,132,132,0,38,38,0,170,170,0,PASS
B0CYZWJ7WJ,73,73,0,143,143,0,216,216,0,PASS
B0CZ9CH465,18,18,0,0,0,0,18,18,0,PASS
B0CZ9CHZ9T,1,1,0,0,0,0,1,1,0,PASS
B0CZ9CJNB1,3,3,0,0,0,0,3,3,0,PASS
B0CZ9D1VCL,1,1,0,0,0,0,1,1,0,PASS
B0CZ9DVYSG,11,11,0,0,0,0,11,11,0,PASS
B0CZ9F5V41,1,1,0,0,0,0,1,1,0,PASS
B0CZ9FPLB7,5,5,0,26,26,0,31,31,0,PASS
B0CZDWWD6R,1,1,0,0,0,0,1,1,0,PASS
B0CZLC9BNX,4,4,0,0,0,0,4,4,0,PASS
B0CZLCKY5W,5,5,0,25,25,0,30,30,0,PASS
B0CZLDKF3Z,8,8,0,35,35,0,43,43,0,PASS
B0CZLDL8DQ,20,20,0,38,38,0,58,58,0,PASS
B0CZNCR6VR,9,9,0,2,2,0,11,11,0,PASS
B0CZNJCBB6,8,8,0,17,17,0,25,25,0,PASS
B0CZNJPQMW,3,3,0,4,4,0,7,7,0,PASS
B0CZNLY8CR,12,12,0,23,23,0,35,35,0,PASS
B0CZNNFDLD,1,1,0,16,16,0,17,17,0,PASS
B0CZNNL2FT,1,1,0,0,0,0,1,1,0,PASS
B0CZNNRGMB,13,13,0,30,30,0,43,43,0,PASS
B0CZNPJGMM,9,9,0,51,51,0,60,60,0,PASS
B0CZNPP2K1,11,11,0,19,19,0,30,30,0,PASS
B0CZNRG7H7,0,0,0,25,25,0,25,25,0,PASS
B0CZNTPXYD,4,4,0,12,12,0,16,16,0,PASS
B0CZNVZHT6,5,5,0,19,19,0,24,24,0,PASS
B0CZP4Y4ZL,4,4,0,0,0,0,4,4,0,PASS
B0CZP535CP,1,1,0,0,0,0,1,1,0,PASS
B0CZP6VYRW,0,0,0,0,0,0,0,0,0,PASS
B0CZRWC6XQ,0,0,0,0,0,0,0,0,0,PASS
B0CZRX7YRD,0,0,0,0,0,0,0,0,0,PASS
B0CZRZN1QY,0,0,0,0,0,0,0,0,0,PASS
B0D28R268K,0,0,0,5,5,0,5,5,0,PASS
B0D28RR1ZY,9,9,0,0,0,0,9,9,0,PASS
B0D28S9Q4S,6,6,0,0,0,0,6,6,0,PASS
B0D28SMRMN,36,36,0,0,0,0,36,36,0,PASS
B0D28TDMT8,1,1,0,0,0,0,1,1,0,PASS
B0D28TWPYD,50,50,0,24,24,0,74,74,0,PASS
B0D28V7VZD,7,7,0,0,0,0,7,7,0,PASS
B0D28V95FG,16,16,0,0,0,0,16,16,0,PASS
B0D28VF8S2,44,44,0,0,0,0,44,44,0,PASS
B0D28VPVKD,31,31,0,0,0,0,31,31,0,PASS
B0D28WGCY4,8,8,0,0,0,0,8,8,0,PASS
B0D28WMPYX,16,16,0,0,0,0,16,16,0,PASS
B0D28WPS53,13,13,0,3,3,0,16,16,0,PASS
B0D28X8ZF9,84,84,0,0,0,0,84,84,0,PASS
B0D28XC4DK,18,18,0,8,8,0,26,26,0,PASS
B0D28XF1RG,6,6,0,1,1,0,7,7,0,PASS
B0D28XQPC8,35,35,0,0,0,0,35,35,0,PASS
B0D28Y45YZ,1,1,0,0,0,0,1,1,0,PASS
B0D28YQP11,8,8,0,0,0,0,8,8,0,PASS
B0D291QGY1,25,25,0,2,2,0,27,27,0,PASS
B0D29217Q8,3,3,0,0,0,0,3,3,0,PASS
B0D292M8M7,10,10,0,0,0,0,10,10,0,PASS
B0D292N6G6,3,3,0,0,0,0,3,3,0,PASS
B0D292PP67,11,11,0,0,0,0,11,11,0,PASS
B0D293PM6V,17,17,0,0,0,0,17,17,0,PASS
B0D2945NZS,8,8,0,0,0,0,8,8,0,PASS
B0D2948DVC,9,9,0,0,0,0,9,9,0,PASS
B0D2949Q4K,24,24,0,0,0,0,24,24,0,PASS
B0D294TFL1,7,7,0,0,0,0,7,7,0,PASS
B0D294TFL2,7,7,0,0,0,0,7,7,0,PASS
B0D294Y23J,24,24,0,0,0,0,24,24,0,PASS
B0D2951382,35,35,0,0,0,0,35,35,0,PASS
B0D29516SQ,5,5,0,0,0,0,5,5,0,PASS
B0D29516SS,66,66,0,6,6,0,72,72,0,PASS
B0D295CX3N,20,20,0,19,19,0,39,39,0,PASS
B0D295J88V,67,67,0,0,0,0,67,67,0,PASS
B0D295JDDS,11,11,0,0,0,0,11,11,0,PASS
B0D295XS3F,14,14,0,1,1,0,15,15,0,PASS
B0D296BHQP,15,15,0,0,0,0,15,15,0,PASS
B0D296DZPB,28,28,0,0,0,0,28,28,0,PASS
B0D296FXJP,41,41,0,7,7,0,48,48,0,PASS
B0D296W2FG,79,79,0,8,8,0,87,87,0,PASS
B0D296W5SC,16,16,0,0,0,0,16,16,0,PASS
B0D296W5SD,20,20,0,0,0,0,20,20,0,PASS
B0D296YQB1,1,1,0,0,0,0,1,1,0,PASS
B0D296Z5B4,28,28,0,34,34,0,62,62,0,PASS
B0D2971DNH,2,2,0,0,0,0,2,2,0,PASS
B0D2975M1Y,14,14,0,0,0,0,14,14,0,PASS
B0D2975QTC,7,7,0,1,1,0,8,8,0,PASS
B0D2976K5L,5,5,0,0,0,0,5,5,0,PASS
B0D2977G11,30,30,0,2,2,0,32,32,0,PASS
B0D2977TGQ,19,19,0,8,8,0,27,27,0,PASS
B0D2979K33,19,19,0,0,0,0,19,19,0,PASS
B0D297H6ZM,17,17,0,0,0,0,17,17,0,PASS
B0D297QW6M,22,22,0,15,15,0,37,37,0,PASS
B0D2983TQX,61,61,0,0,0,0,61,61,0,PASS
B0D2985XLY,4,4,0,0,0,0,4,4,0,PASS
B0D298G4WX,2,2,0,0,0,0,2,2,0,PASS
B0D298HNWF,6,6,0,1,1,0,7,7,0,PASS
B0D298MYFM,54,54,0,0,0,0,54,54,0,PASS
B0D298QXXM,43,43,0,50,50,0,93,93,0,PASS
B0D298RPWW,31,31,0,6,6,0,37,37,0,PASS
B0D298ZBH2,10,10,0,16,16,0,26,26,0,PASS
B0D29912X4,2,2,0,0,0,0,2,2,0,PASS
B0D299566W,24,24,0,0,0,0,24,24,0,PASS
B0D2996NVS,33,33,0,0,0,0,33,33,0,PASS
B0D2996WRV,27,27,0,0,0,0,27,27,0,PASS
B0D2997QLZ,26,26,0,1,1,0,27,27,0,PASS
B0D299FZWX,10,10,0,1,1,0,11,11,0,PASS
B0D299JDV6,17,17,0,0,0,0,17,17,0,PASS
B0D299LXGP,32,32,0,2,2,0,34,34,0,PASS
B0D29BVFXT,10,10,0,0,0,0,10,10,0,PASS
B0D2T88K9T,1,1,0,0,0,0,1,1,0,PASS
B0D2TCJKT7,16,16,0,50,50,0,66,66,0,PASS
B0D2TDTRQC,1,1,0,0,0,0,1,1,0,PASS
B0D2TDV7CT,2,2,0,0,0,0,2,2,0,PASS
B0D2TDY3TB,7,7,0,0,0,0,7,7,0,PASS
B0D2TDZ4F6,4,4,0,0,0,0,4,4,0,PASS
B0D2TF3H6H,9,9,0,4,4,0,13,13,0,PASS
B0D2TF4BNL,11,11,0,0,0,0,11,11,0,PASS
B0D2TFCV6M,4,4,0,0,0,0,4,4,0,PASS
B0D2TFSNS3,5,5,0,0,0,0,5,5,0,PASS
B0D2TFV7VM,0,0,0,0,0,0,0,0,0,PASS
B0D2TFWFX7,5,5,0,0,0,0,5,5,0,PASS
B0D2TGPFLD,4,4,0,0,0,0,4,4,0,PASS
B0D2TMLF62,2,2,0,0,0,0,2,2,0,PASS
B0D2TMLF64,25,25,0,0,0,0,25,25,0,PASS
B0D32YBFXP,28,28,0,64,64,0,92,92,0,PASS
B0D4DZJN2X,0,0,0,0,0,0,0,0,0,PASS
B0D4J19XZ2,2,2,0,0,0,0,2,2,0,PASS
B0D4J3RTF9,1,1,0,0,0,0,1,1,0,PASS
B0D4J3Z24S,3,3,0,0,0,0,3,3,0,PASS
B0D4J42MFK,1,1,0,0,0,0,1,1,0,PASS
B0D4J4CCWF,1,1,0,0,0,0,1,1,0,PASS
B0D4J4GD18,3,3,0,0,0,0,3,3,0,PASS
B0D4J5Q7SQ,1,1,0,0,0,0,1,1,0,PASS
B0D5BDGF22,45,45,0,21,21,0,66,66,0,PASS
B0D5BFGM4G,23,23,0,60,60,0,83,83,0,PASS
B0D5BFHKBN,72,72,0,184,184,0,256,256,0,PASS
B0D5BFMF7Z,14,14,0,29,29,0,43,43,0,PASS
B0D5LRLW7D,9,9,0,0,0,0,9,9,0,PASS
B0D5LRVWYD,21,21,0,53,53,0,74,74,0,PASS
B0D5LSD942,3,3,0,30,30,0,33,33,0,PASS
B0D5LSDJY7,1,1,0,1,1,0,2,2,0,PASS
B0D5LT7ZPW,8,8,0,18,18,0,26,26,0,PASS
B0D5LV2NC3,5,5,0,14,14,0,19,19,0,PASS
B0D5LVCYF1,2,2,0,18,18,0,20,20,0,PASS
B0D5QY9SQ1,71,71,0,0,0,0,71,71,0,PASS
B0D5QZ5D6Y,57,57,0,0,0,0,57,57,0,PASS
B0D5QZQGD1,50,50,0,0,0,0,50,50,0,PASS
B0D5R1HHGH,55,55,0,0,0,0,55,55,0,PASS
B0D5R6GFS6,0,0,0,0,0,0,0,0,0,PASS
B0D5R6VXV8,0,0,0,0,0,0,0,0,0,PASS
B0D5R7QWW1,0,0,0,0,0,0,0,0,0,PASS
B0D5R7ZCC1,3,3,0,0,0,0,3,3,0,PASS
B0D6KKSWN8,16,16,0,0,0,0,16,16,0,PASS
B0D6KL4C43,3,3,0,0,0,0,3,3,0,PASS
B0D6KLL6DX,7,7,0,0,0,0,7,7,0,PASS
B0D6KLR3J5,2,2,0,0,0,0,2,2,0,PASS
B0D6KMDZY7,4,4,0,0,0,0,4,4,0,PASS
B0D6KMPC9W,16,16,0,0,0,0,16,16,0,PASS
B0D6KMPJB7,8,8,0,0,0,0,8,8,0,PASS
B0D6KQH4MB,11,11,0,13,13,0,24,24,0,PASS
B0D6KQNX6C,26,26,0,0,0,0,26,26,0,PASS
B0D6KRFN41,10,10,0,0,0,0,10,10,0,PASS
B0D6KRHHYL,17,17,0,10,10,0,27,27,0,PASS
B0D6KRYNZD,4,4,0,0,0,0,4,4,0,PASS
B0D6KSHMXF,14,14,0,13,13,0,27,27,0,PASS
B0D6KSQY6M,12,12,0,0,0,0,12,12,0,PASS
B0D6KTG2TN,4,4,0,0,0,0,4,4,0,PASS
B0D76N7NC4,1,1,0,0,0,0,1,1,0,PASS
B0D76R2FJH,1,1,0,0,0,0,1,1,0,PASS
B0D792Q3VN,9,9,0,0,0,0,9,9,0,PASS
B0D7948D7H,1,1,0,0,0,0,1,1,0,PASS
B0D7H2DNBC,2,2,0,0,0,0,2,2,0,PASS
B0D7H2L78Z,0,0,0,0,0,0,0,0,0,PASS
B0D7H6835J,2,2,0,0,0,0,2,2,0,PASS
B0D7H7BK8G,1,1,0,0,0,0,1,1,0,PASS
B0D7H7PX9G,1,1,0,0,0,0,1,1,0,PASS
B0D7H8YLX6,4,4,0,0,0,0,4,4,0,PASS
B0D7H9VQ1N,0,0,0,0,0,0,0,0,0,PASS
B0D7HQP721,5,5,0,0,0,0,5,5,0,PASS
B0D7RRJ5XX,0,0,0,0,0,0,0,0,0,PASS
B0D7RSSQ9B,0,0,0,0,0,0,0,0,0,PASS
B0D7RSYDJZ,1,1,0,0,0,0,1,1,0,PASS
B0D7RTFZVG,3,3,0,0,0,0,3,3,0,PASS
B0D7RW7725,0,0,0,0,0,0,0,0,0,PASS
B0D7S17C9W,27,27,0,17,17,0,44,44,0,PASS
B0D7S1F3Z7,65,65,0,0,0,0,65,65,0,PASS
B0D7S1F6FQ,5,5,0,0,0,0,5,5,0,PASS
B0D7S1FK1Q,73,73,0,13,13,0,86,86,0,PASS
B0D7S1JWJV,0,0,0,0,0,0,0,0,0,PASS
B0D7S1RC3N,10,10,0,0,0,0,10,10,0,PASS
B0D7S28YVZ,12,12,0,7,7,0,19,19,0,PASS
B0D7S2D47W,2,2,0,0,0,0,2,2,0,PASS
B0D7S2J3GP,10,10,0,0,0,0,10,10,0,PASS
B0D7S2NKDQ,0,0,0,0,0,0,0,0,0,PASS
B0D7S2WQFW,9,9,0,0,0,0,9,9,0,PASS
B0D7S2XG6V,36,36,0,0,0,0,36,36,0,PASS
B0D7S2ZL7J,1,1,0,0,0,0,1,1,0,PASS
B0D7S31N9W,16,16,0,0,0,0,16,16,0,PASS
B0D7S3255K,13,13,0,2,2,0,15,15,0,PASS
B0D7S32YGL,8,8,0,0,0,0,8,8,0,PASS
B0D7S35MGY,49,49,0,0,0,0,49,49,0,PASS
B0D7S36JJ6,1,1,0,0,0,0,1,1,0,PASS
B0D7S387C4,2,2,0,0,0,0,2,2,0,PASS
B0D7S3HB14,7,7,0,0,0,0,7,7,0,PASS
B0D7S3HBBM,3,3,0,0,0,0,3,3,0,PASS
B0D7S3YDZY,68,68,0,1,1,0,69,69,0,PASS
B0D7S4GRV9,90,90,0,0,0,0,90,90,0,PASS
B0D7S53LSQ,38,38,0,0,0,0,38,38,0,PASS
B0D7S58MB1,32,32,0,0,0,0,32,32,0,PASS
B0D7S58RX5,27,27,0,11,11,0,38,38,0,PASS
B0D7S5N65L,96,96,0,0,0,0,96,96,0,PASS
B0D7S64HXG,25,25,0,10,10,0,35,35,0,PASS
B0D7VTN7X3,0,0,0,0,0,0,0,0,0,PASS
B0D7VVJVNF,1,1,0,0,0,0,1,1,0,PASS
B0D7VVKGSM,0,0,0,0,0,0,0,0,0,PASS
B0D7VVL429,1,1,0,0,0,0,1,1,0,PASS
B0D7VVPK5D,0,0,0,0,0,0,0,0,0,PASS
B0D7VWLG54,2,2,0,0,0,0,2,2,0,PASS
B0D7VWWD2Y,19,19,0,0,0,0,19,19,0,PASS
B0D7VWZFTP,2,2,0,0,0,0,2,2,0,PASS
B0D7VZ9QDQ,3,3,0,0,0,0,3,3,0,PASS
B0D7VZFBNY,8,8,0,0,0,0,8,8,0,PASS
B0D7VZQB4K,4,4,0,0,0,0,4,4,0,PASS
B0D7W2H499,5,5,0,0,0,0,5,5,0,PASS
B0D7W2HLWS,7,7,0,0,0,0,7,7,0,PASS
B0D7W2R3V1,5,5,0,0,0,0,5,5,0,PASS
B0D7W2S5FH,6,6,0,0,0,0,6,6,0,PASS
B0D7W38P33,9,9,0,0,0,0,9,9,0,PASS
B0D7W3DSFN,3,3,0,2,2,0,5,5,0,PASS
B0D7W471VM,6,6,0,0,0,0,6,6,0,PASS
B0D7W4827V,5,5,0,0,0,0,5,5,0,PASS
B0D7ZRWBS2,100,100,0,114,114,0,214,214,0,PASS
B0D7ZTRLBH,153,153,0,401,401,0,554,554,0,PASS
B0D83BVDL7,0,0,0,0,0,0,0,0,0,PASS
B0D83F348C,1,1,0,0,0,0,1,1,0,PASS
B0D83H5B46,0,0,0,0,0,0,0,0,0,PASS
B0D8L1HQXM,65,65,0,0,0,0,65,65,0,PASS
B0D8L3Z3P7,19,19,0,0,0,0,19,19,0,PASS
B0D8Y6WH46,20,20,0,0,0,0,20,20,0,PASS
B0D8Y6ZY17,6,6,0,0,0,0,6,6,0,PASS
B0D8YG8RTR,1,1,0,0,0,0,1,1,0,PASS
B0D8YGD1M8,1,1,0,0,0,0,1,1,0,PASS
B0D8YGM3BX,4,4,0,0,0,0,4,4,0,PASS
B0D8YHJZCV,2,2,0,0,0,0,2,2,0,PASS
B0D8YHRZLR,1,1,0,0,0,0,1,1,0,PASS
B0D8YHSBLV,3,3,0,5,5,0,8,8,0,PASS
B0D8YHX5YL,1,1,0,0,0,0,1,1,0,PASS
B0D8YJ75S9,1,1,0,0,0,0,1,1,0,PASS
B0D8YJB4DB,1,1,0,0,0,0,1,1,0,PASS
B0D929SXGT,1,1,0,0,0,0,1,1,0,PASS
B0D94GCZ6N,3,3,0,0,0,0,3,3,0,PASS
B0D9616XS6,6,6,0,1,1,0,7,7,0,PASS
B0D9Q142ZZ,6,6,0,0,0,0,6,6,0,PASS
B0D9Q15Q3X,0,0,0,0,0,0,0,0,0,PASS
B0D9Q175RY,12,12,0,4,4,0,16,16,0,PASS
B0D9Q1BJJZ,1,1,0,0,0,0,1,1,0,PASS
B0D9Q1D2QR,4,4,0,0,0,0,4,4,0,PASS
B0D9Q1DY8W,48,48,0,2,2,0,50,50,0,PASS
B0D9Q1FYP7,2,2,0,0,0,0,2,2,0,PASS
B0D9Q24LNJ,4,4,0,0,0,0,4,4,0,PASS
B0D9Q2LQY9,39,39,0,0,0,0,39,39,0,PASS
B0D9Q2ZXTL,17,17,0,0,0,0,17,17,0,PASS
B0D9Q31B1Y,38,38,0,0,0,0,38,38,0,PASS
B0D9Q45217,26,26,0,0,0,0,26,26,0,PASS
B0D9Q45QS4,6,6,0,0,0,0,6,6,0,PASS
B0D9Q4CXSN,19,19,0,0,0,0,19,19,0,PASS
B0D9Q4GXJ7,27,27,0,0,0,0,27,27,0,PASS
B0D9Q5C7Q8,6,6,0,0,0,0,6,6,0,PASS
B0D9Q5TY6J,4,4,0,0,0,0,4,4,0,PASS
B0D9Q5VFG4,1,1,0,0,0,0,1,1,0,PASS
B0D9Q63P5D,1,1,0,0,0,0,1,1,0,PASS
B0D9Q668K7,5,5,0,0,0,0,5,5,0,PASS
B0D9Q6LNXC,2,2,0,0,0,0,2,2,0,PASS
B0DB5QGWLF,74,74,0,2,2,0,76,76,0,PASS
B0DB5QVVJP,9,9,0,0,0,0,9,9,0,PASS
B0DB5QZZZL,47,47,0,0,0,0,47,47,0,PASS
B0DB5R2SP3,12,12,0,0,0,0,12,12,0,PASS
B0DB5SD3LP,5,5,0,0,0,0,5,5,0,PASS
B0DB5SX7NL,20,20,0,10,10,0,30,30,0,PASS
B0DBL11D8V,15,15,0,0,0,0,15,15,0,PASS
B0DBL9F8G3,22,22,0,0,0,0,22,22,0,PASS
B0DBL9YWDM,7,7,0,58,58,0,65,65,0,PASS
B0DBLB6ZSH,10,10,0,26,26,0,36,36,0,PASS
B0DBLBTWQT,16,16,0,0,0,0,16,16,0,PASS
B0DC44MY5S,1,1,0,0,0,0,1,1,0,PASS
B0DC46ZP5B,2,2,0,0,0,0,2,2,0,PASS
B0DC477M3Q,4,4,0,0,0,0,4,4,0,PASS
B0DC485JJQ,1,1,0,0,0,0,1,1,0,PASS
B0DC48C9FX,1,1,0,0,0,0,1,1,0,PASS
B0DC48HMH3,1,1,0,0,0,0,1,1,0,PASS
B0DC48VXJ2,0,0,0,0,0,0,0,0,0,PASS
B0DC49B5SC,5,5,0,0,0,0,5,5,0,PASS
B0DC49BFL7,3,3,0,0,0,0,3,3,0,PASS
B0DC49S375,0,0,0,0,0,0,0,0,0,PASS
B0DC6C46FL,5,5,0,0,0,0,5,5,0,PASS
B0DC6CKC6X,3,3,0,0,0,0,3,3,0,PASS
B0DC6CZPR1,1,1,0,0,0,0,1,1,0,PASS
B0DC6D9FNB,1,1,0,0,0,0,1,1,0,PASS
B0DCG676HY,1,1,0,0,0,0,1,1,0,PASS
B0DCG7H4DR,1,1,0,0,0,0,1,1,0,PASS
B0DCGDCY83,3,3,0,0,0,0,3,3,0,PASS
B0DCGDH22P,1,1,0,0,0,0,1,1,0,PASS
B0DCGFCB15,0,0,0,0,0,0,0,0,0,PASS
B0DCS4J1JC,5,5,0,0,0,0,5,5,0,PASS
B0DCS512ZW,3,3,0,0,0,0,3,3,0,PASS
B0DCS5DDN7,4,4,0,0,0,0,4,4,0,PASS
B0DCSJH8XT,8,8,0,0,0,0,8,8,0,PASS
B0DCSJTVSZ,7,7,0,0,0,0,7,7,0,PASS
B0DCSJX7D8,4,4,0,0,0,0,4,4,0,PASS
B0DCSKHNSW,7,7,0,0,0,0,7,7,0,PASS
B0DCSKMG68,1,1,0,0,0,0,1,1,0,PASS
B0DD3C2Z39,9,9,0,1,1,0,10,10,0,PASS
B0DD3D8S9C,1,1,0,0,0,0,1,1,0,PASS
B0DD7635TF,3,3,0,0,0,0,3,3,0,PASS
B0DDBY9LDM,7,7,0,0,0,0,7,7,0,PASS
B0DDC11VMP,45,45,0,2,2,0,47,47,0,PASS
B0DDCP18G1,1,1,0,0,0,0,1,1,0,PASS
B0DDCPC539,6,6,0,0,0,0,6,6,0,PASS
B0DDCS4GLW,1,1,0,0,0,0,1,1,0,PASS
B0DDGSSY7B,0,0,0,0,0,0,0,0,0,PASS
B0DDGVTWTC,1,1,0,0,0,0,1,1,0,PASS
B0DDH24LR6,2,2,0,0,0,0,2,2,0,PASS
B0DDH33FJJ,1,1,0,0,0,0,1,1,0,PASS
B0DDSPQDSC,5,5,0,0,0,0,5,5,0,PASS
B0DDTH18X8,2,2,0,0,0,0,2,2,0,PASS
B0DDTSZD6F,14,14,0,0,0,0,14,14,0,PASS
B0DDTT9HBV,5,5,0,0,0,0,5,5,0,PASS
B0DDTTHTG6,21,21,0,0,0,0,21,21,0,PASS
B0DDTTSZD8,3,3,0,0,0,0,3,3,0,PASS
B0DDTVGMNR,1,1,0,0,0,0,1,1,0,PASS
B0DDTX9QLZ,2,2,0,0,0,0,2,2,0,PASS
B0DDXWQ79T,5,5,0,0,0,0,5,5,0,PASS
B0DF2JFFZ4,0,0,0,0,0,0,0,0,0,PASS
B0DF2TR7NL,0,0,0,0,0,0,0,0,0,PASS
B0DF7S438X,21,21,0,0,0,0,21,21,0,PASS
B0DFHKZXZM,53,53,0,0,0,0,53,53,0,PASS
B0DFHL3XS3,81,81,0,2,2,0,83,83,0,PASS
B0DFHL7MZ1,34,34,0,0,0,0,34,34,0,PASS
B0DFHLDDRV,52,52,0,0,0,0,52,52,0,PASS
B0DFHLHCH3,7,7,0,0,0,0,7,7,0,PASS
B0DFHM3D4X,32,32,0,0,0,0,32,32,0,PASS
B0DFHM8LHQ,40,40,0,0,0,0,40,40,0,PASS
B0DFHM953C,4,4,0,0,0,0,4,4,0,PASS
B0DFHMC949,31,31,0,144,144,0,175,175,0,PASS
B0DFHMDZYQ,151,151,0,205,205,0,356,356,0,PASS
B0DFHMMX4Y,1,1,0,0,0,0,1,1,0,PASS
B0DFHN2V6D,26,26,0,0,0,0,26,26,0,PASS
B0DFHN3XPG,3,3,0,35,35,0,38,38,0,PASS
B0DFHN9WRJ,66,66,0,0,0,0,66,66,0,PASS
B0DFHNJLDP,5,5,0,0,0,0,5,5,0,PASS
B0DFHNR4B2,30,30,0,0,0,0,30,30,0,PASS
B0DFHNX467,43,43,0,0,0,0,43,43,0,PASS
B0DFHNYLWW,22,22,0,0,0,0,22,22,0,PASS
B0DFHP411K,105,105,0,47,47,0,152,152,0,PASS
B0DFHPFXGT,31,31,0,0,0,0,31,31,0,PASS
B0DFHQ6DKJ,4,4,0,0,0,0,4,4,0,PASS
B0DFHQGPZP,14,14,0,0,0,0,14,14,0,PASS
B0DFHQKD7Q,6,6,0,0,0,0,6,6,0,PASS
B0DFM8C9N6,15,15,0,0,0,0,15,15,0,PASS
B0DFTR3XYX,1,1,0,0,0,0,1,1,0,PASS
B0DFTR951T,2,2,0,0,0,0,2,2,0,PASS
B0DFTRLQB3,6,6,0,0,0,0,6,6,0,PASS
B0DFWD2TYW,4,4,0,0,0,0,4,4,0,PASS
B0DFWQ777V,4,4,0,1,1,0,5,5,0,PASS
B0DFYC7TCL,2,2,0,0,0,0,2,2,0,PASS
B0DGGYJDC9,12,12,0,0,0,0,12,12,0,PASS
B0DGT7SBQF,4,4,0,0,0,0,4,4,0,PASS
B0DH182H6J,16,16,0,18,18,0,34,34,0,PASS
B0DH1CR134,5,5,0,0,0,0,5,5,0,PASS
B0DH1S6V7P,0,0,0,0,0,0,0,0,0,PASS
B0DH221ZSY,18,18,0,2,2,0,20,20,0,PASS
B0DH247ZJ8,1,1,0,0,0,0,1,1,0,PASS
B0DH8GKJ42,1,1,0,0,0,0,1,1,0,PASS
B0DHGLCQW2,26,26,0,6,6,0,32,32,0,PASS
B0DHGM5NP4,45,45,0,5,5,0,50,50,0,PASS
B0DHS1VQ99,6,6,0,0,0,0,6,6,0,PASS
B0DHZ7T6J1,68,68,0,0,0,0,68,68,0,PASS
B0DJD8LYTK,3,3,0,0,0,0,3,3,0,PASS
B0DJFD9Q82,16,16,0,22,22,0,38,38,0,PASS
B0DJFDN8KK,16,16,0,0,0,0,16,16,0,PASS
B0DJFGFBS7,6,6,0,0,0,0,6,6,0,PASS
B0DJR9KNWQ,0,0,0,0,0,0,0,0,0,PASS
B0DK4Y3GRG,0,0,0,0,0,0,0,0,0,PASS
B0DKHNMCBF,7,7,0,0,0,0,7,7,0,PASS
B0DKHX5QYB,2,2,0,0,0,0,2,2,0,PASS
B0DM61D265,15,15,0,43,43,0,58,58,0,PASS
B0DM63L7J1,5,5,0,30,30,0,35,35,0,PASS
B0DMSLLLKW,3,3,0,0,0,0,3,3,0,PASS
B0DMSPXDSL,6,6,0,0,0,0,6,6,0,PASS
B0DN5Y9B2M,2,2,0,0,0,0,2,2,0,PASS
B0DNSNDJMH,16,16,0,0,0,0,16,16,0,PASS
B0DNSP5MMW,7,7,0,0,0,0,7,7,0,PASS
B0DNSQ5JXJ,3,3,0,0,0,0,3,3,0,PASS
B0DPMG2W2R,6,6,0,0,0,0,6,6,0,PASS
B0DPMQZ1WP,220,220,0,0,0,0,220,220,0,PASS
B0DPMRVHHR,271,271,0,25,25,0,296,296,0,PASS
B0DPMS12HM,198,198,0,9,9,0,207,207,0,PASS
B0DPWTB2GD,2,2,0,0,0,0,2,2,0,PASS
B0DSC1CVFJ,9,9,0,0,0,0,9,9,0,PASS
B0DSC1X6ZJ,5,5,0,3,3,0,8,8,0,PASS
B0DSC2XFK4,8,8,0,0,0,0,8,8,0,PASS
B0DTK6662D,5,5,0,0,0,0,5,5,0,PASS
B0DTK88VBQ,1,1,0,0,0,0,1,1,0,PASS
B0DTKCSD1R,1,1,0,0,0,0,1,1,0,PASS
B0DTPPXX87,3,3,0,0,0,0,3,3,0,PASS
B0DTPTDJZS,4,4,0,0,0,0,4,4,0,PASS
B0DTPTMQHQ,10,10,0,0,0,0,10,10,0,PASS
B0DTPVN5HX,10,10,0,0,0,0,10,10,0,PASS
B0DTPVPC6Z,1,1,0,0,0,0,1,1,0,PASS
B0DTPVPC72,4,4,0,0,0,0,4,4,0,PASS
B0DTPVRVR1,7,7,0,0,0,0,7,7,0,PASS
B0DTPVSPFQ,3,3,0,0,0,0,3,3,0,PASS
B0DTPVSPFT,1,1,0,0,0,0,1,1,0,PASS
B0DTPVT3LV,1,1,0,0,0,0,1,1,0,PASS
B0DTPVV4VS,4,4,0,0,0,0,4,4,0,PASS
B0DTPX9QH6,2,2,0,0,0,0,2,2,0,PASS
B0DTPXDPLD,2,2,0,0,0,0,2,2,0,PASS
B0DTPYH484,2,2,0,0,0,0,2,2,0,PASS
B0DTY2M3L1,2,2,0,0,0,0,2,2,0,PASS
B0DTY33658,1,1,0,0,0,0,1,1,0,PASS
B0DTY4396W,3,3,0,0,0,0,3,3,0,PASS
B0DTY5P2HB,4,4,0,0,0,0,4,4,0,PASS
B0DTYCC4BL,1,1,0,0,0,0,1,1,0,PASS
B0DTYCTZ3T,2,2,0,0,0,0,2,2,0,PASS
B0DTYDVSM4,4,4,0,0,0,0,4,4,0,PASS
B0DTYKRKM2,7,7,0,0,0,0,7,7,0,PASS
B0DTYMM4B6,8,8,0,0,0,0,8,8,0,PASS
B0DTYYYWYG,19,19,0,0,0,0,19,19,0,PASS
B0DTZ1MNRH,18,18,0,0,0,0,18,18,0,PASS
B0DTZ24CTF,18,18,0,0,0,0,18,18,0,PASS
B0DTZ26LDY,19,19,0,0,0,0,19,19,0,PASS
B0DVGQ852R,19,19,0,10,10,0,29,29,0,PASS
B0DXP6XRY5,6,6,0,2,2,0,8,8,0,PASS
B0DXP74GBH,9,9,0,1,1,0,10,10,0,PASS
B0DXPCJVCN,17,17,0,11,11,0,28,28,0,PASS
B0DXPFBTCK,23,23,0,1,1,0,24,24,0,PASS
B0DXPGH41F,3,3,0,0,0,0,3,3,0,PASS
B0DXPJYP73,6,6,0,0,0,0,6,6,0,PASS
B0DXPL61ZD,2,2,0,0,0,0,2,2,0,PASS
B0DXQ53JQF,49,49,0,6,6,0,55,55,0,PASS
B0DXQ6J1ZD,12,12,0,0,0,0,12,12,0,PASS
B0DXQ6RXM4,5,5,0,0,0,0,5,5,0,PASS
B0DXQ727KG,14,14,0,9,9,0,23,23,0,PASS
B0DXQ7LC8N,12,12,0,43,43,0,55,55,0,PASS
B0DXQ7YWGJ,60,60,0,11,11,0,71,71,0,PASS
B0DXQ84YT7,4,4,0,2,2,0,6,6,0,PASS
B0DXQ85YB6,31,31,0,42,42,0,73,73,0,PASS
B0DXQ87HLP,21,21,0,0,0,0,21,21,0,PASS
B0DXQ8GDX7,1,1,0,2,2,0,3,3,0,PASS
B0DXQ8VVR7,80,80,0,33,33,0,113,113,0,PASS
B0DXQ8WPCG,51,51,0,3,3,0,54,54,0,PASS
B0DXQ8X5GT,15,15,0,0,0,0,15,15,0,PASS
B0DXQ8YFC6,43,43,0,13,13,0,56,56,0,PASS
B0DXQ91XHT,21,21,0,0,0,0,21,21,0,PASS
B0DXQ9BPVH,41,41,0,4,4,0,45,45,0,PASS
B0DXQ9SDTK,24,24,0,10,10,0,34,34,0,PASS
B0DXQ9WYPB,24,24,0,11,11,0,35,35,0,PASS
B0DXQB65RY,10,10,0,7,7,0,17,17,0,PASS
B0DXQB7T3C,41,41,0,87,87,0,128,128,0,PASS
B0DXQBPJRS,28,28,0,5,5,0,33,33,0,PASS
B0DYNT9K21,3,3,0,0,0,0,3,3,0,PASS
B0DYNVVWQ2,1,1,0,0,0,0,1,1,0,PASS
B0DYSXSLYY,32,32,0,0,0,0,32,32,0,PASS
B0DYT146SS,54,54,0,0,0,0,54,54,0,PASS
B0DYT5D9MQ,34,34,0,0,0,0,34,34,0,PASS
B0DYT8NSY9,43,43,0,0,0,0,43,43,0,PASS
B0DYTCM9LM,28,28,0,0,0,0,28,28,0,PASS
B0DYTFMK5D,11,11,0,0,0,0,11,11,0,PASS
B0DYTFMW3K,15,15,0,0,0,0,15,15,0,PASS
B0DYTGB5HB,11,11,0,0,0,0,11,11,0,PASS
B0DYTGSQBK,9,9,0,0,0,0,9,9,0,PASS
B0DYTM7ZQ8,4,4,0,0,0,0,4,4,0,PASS
B0DYTM8NSM,27,27,0,0,0,0,27,27,0,PASS
B0DYTN8YBR,13,13,0,15,15,0,28,28,0,PASS
B0DYTPN1NZ,48,48,0,0,0,0,48,48,0,PASS
B0DYTQMM9X,9,9,0,35,35,0,44,44,0,PASS
B0DYTQRJQF,7,7,0,0,0,0,7,7,0,PASS
B0DYTRPNCT,20,20,0,0,0,0,20,20,0,PASS
B0DYXXTG54,2,2,0,0,0,0,2,2,0,PASS
B0DZ1VPNYY,14,14,0,11,11,0,25,25,0,PASS
B0DZ1Y975Y,4,4,0,0,0,0,4,4,0,PASS
B0DZ1YBMJ5,8,8,0,0,0,0,8,8,0,PASS
B0DZ1YP156,1,1,0,0,0,0,1,1,0,PASS
B0DZ1YP6V8,17,17,0,0,0,0,17,17,0,PASS
B0DZ1YZ8JG,12,12,0,0,0,0,12,12,0,PASS
B0DZ1Z169M,10,10,0,0,0,0,10,10,0,PASS
B0DZ1Z3277,12,12,0,0,0,0,12,12,0,PASS
B0DZ1Z8B9V,10,10,0,0,0,0,10,10,0,PASS
B0DZ1ZTXVW,31,31,0,0,0,0,31,31,0,PASS
B0DZ1ZYLWS,19,19,0,0,0,0,19,19,0,PASS
B0DZ216Q38,9,9,0,0,0,0,9,9,0,PASS
B0DZ21BCNR,5,5,0,0,0,0,5,5,0,PASS
B0DZ21CJF6,11,11,0,0,0,0,11,11,0,PASS
B0DZ22DG86,12,12,0,0,0,0,12,12,0,PASS
B0DZ22YF8C,13,13,0,0,0,0,13,13,0,PASS
B0DZHCY4J9,7,7,0,0,0,0,7,7,0,PASS
B0DZHGNY42,3,3,0,0,0,0,3,3,0,PASS
B0DZNJDHCQ,74,74,0,0,0,0,74,74,0,PASS
B0DZNLF6LK,119,119,0,0,0,0,119,119,0,PASS
B0DZNQCJX5,138,138,0,0,0,0,138,138,0,PASS
B0DZNWHKT9,5,5,0,0,0,0,5,5,0,PASS
B0DZNXML73,0,0,0,0,0,0,0,0,0,PASS
B0DZNY8GVK,1,1,0,0,0,0,1,1,0,PASS
B0DZTPLBTR,2,2,0,0,0,0,2,2,0,PASS
B0DZWTSN68,3,3,0,0,0,0,3,3,0,PASS
B0DZWTY6WK,0,0,0,0,0,0,0,0,0,PASS
B0DZWV2YW4,1,1,0,0,0,0,1,1,0,PASS
B0DZWVZR99,2,2,0,0,0,0,2,2,0,PASS
B0DZWWHVCD,2,2,0,0,0,0,2,2,0,PASS
B0DZWWQWST,1,1,0,0,0,0,1,1,0,PASS
B0DZWX8VMM,1,1,0,0,0,0,1,1,0,PASS
B0DZWXDXM8,0,0,0,0,0,0,0,0,0,PASS
B0DZWXH2TF,1,1,0,0,0,0,1,1,0,PASS
B0DZWXSYK5,0,0,0,0,0,0,0,0,0,PASS
B0DZWXVV32,4,4,0,0,0,0,4,4,0,PASS
B0DZWY1Y2J,1,1,0,0,0,0,1,1,0,PASS
B0DZWYFTJL,0,0,0,0,0,0,0,0,0,PASS
B0DZWYFTJM,3,3,0,0,0,0,3,3,0,PASS
B0DZWYYKR1,0,0,0,0,0,0,0,0,0,PASS
B0DZWZ2WTN,2,2,0,0,0,0,2,2,0,PASS
B0F1CX6BYH,142,142,0,0,0,0,142,142,0,PASS
B0F1CX9BKB,82,82,0,0,0,0,82,82,0,PASS
B0F1CYBRXZ,10,10,0,0,0,0,10,10,0,PASS
B0F1CYGL3Q,4,4,0,0,0,0,4,4,0,PASS
B0F1CYVFBD,19,19,0,0,0,0,19,19,0,PASS
B0F1CZ7G5X,15,15,0,0,0,0,15,15,0,PASS
B0F1CZF38F,32,32,0,0,0,0,32,32,0,PASS
B0F1CZPMF3,5,5,0,0,0,0,5,5,0,PASS
B0F1CZT27Y,75,75,0,0,0,0,75,75,0,PASS
B0F1D1JXS5,33,33,0,0,0,0,33,33,0,PASS
B0F1D1JZTY,16,16,0,0,0,0,16,16,0,PASS
B0F1D1TPMX,32,32,0,0,0,0,32,32,0,PASS
B0F1D1YCKQ,32,32,0,0,0,0,32,32,0,PASS
B0F1D23NFW,11,11,0,0,0,0,11,11,0,PASS
B0F1D271VB,3,3,0,0,0,0,3,3,0,PASS
B0F1D2YMJS,51,51,0,0,0,0,51,51,0,PASS
B0F1D3FS5C,111,111,0,0,0,0,111,111,0,PASS
B0F1D3YQPG,97,97,0,0,0,0,97,97,0,PASS
B0F1D59PXR,59,59,0,0,0,0,59,59,0,PASS
B0F1MM438G,5,5,0,0,0,0,5,5,0,PASS
B0F1MMCQMQ,16,16,0,0,0,0,16,16,0,PASS
B0F1MN4PCR,5,5,0,0,0,0,5,5,0,PASS
B0F1MNQMG7,1,1,0,0,0,0,1,1,0,PASS
B0F1MPRGYR,0,0,0,0,0,0,0,0,0,PASS
B0F1MR6F3P,0,0,0,0,0,0,0,0,0,PASS
B0F2232CNC,1,1,0,0,0,0,1,1,0,PASS
B0F28XSZY4,42,42,0,0,0,0,42,42,0,PASS
B0F28YFTQ9,53,53,0,73,73,0,126,126,0,PASS
B0F28YKH9K,50,50,0,0,0,0,50,50,0,PASS
B0F28YNDZN,107,107,0,17,17,0,124,124,0,PASS
B0F28YR5JN,102,102,0,77,77,0,179,179,0,PASS
B0F28YSS5K,57,57,0,0,0,0,57,57,0,PASS
B0F28Z2V3C,134,134,0,0,0,0,134,134,0,PASS
B0F28Z2V3F,130,130,0,62,62,0,192,192,0,PASS
B0F28Z5X4T,53,53,0,1,1,0,54,54,0,PASS
B0F28ZSNQ7,95,95,0,8,8,0,103,103,0,PASS
B0F2915RW5,29,29,0,12,12,0,41,41,0,PASS
B0F2919CBQ,41,41,0,21,21,0,62,62,0,PASS
B0F2919THD,174,174,0,36,36,0,210,210,0,PASS
B0F291D2PW,90,90,0,2,2,0,92,92,0,PASS
B0F291K6SL,125,125,0,34,34,0,159,159,0,PASS
B0F291VKCF,106,106,0,75,75,0,181,181,0,PASS
B0F292MNGB,259,259,0,2,2,0,261,261,0,PASS
B0F2F83ZW2,17,17,0,0,0,0,17,17,0,PASS
B0F2F8SKBV,250,250,0,36,36,0,286,286,0,PASS
B0F2F96Q8R,19,19,0,0,0,0,19,19,0,PASS
B0F2FDYS4Q,62,62,0,0,0,0,62,62,0,PASS
B0F2FX8W87,1,1,0,0,0,0,1,1,0,PASS
B0F2FY43G3,2,2,0,0,0,0,2,2,0,PASS
B0F2FYP3JH,1,1,0,0,0,0,1,1,0,PASS
B0F2FYS1WB,14,14,0,0,0,0,14,14,0,PASS
B0F2FZKWDT,16,16,0,0,0,0,16,16,0,PASS
B0F2G1QNS3,5,5,0,0,0,0,5,5,0,PASS
B0F2G2HW65,0,0,0,0,0,0,0,0,0,PASS
B0F2G5G3RT,44,44,0,0,0,0,44,44,0,PASS
B0F2G8G9FJ,0,0,0,0,0,0,0,0,0,PASS
B0F2GBNKYB,5,5,0,0,0,0,5,5,0,PASS
B0F2GCKKRN,1,1,0,0,0,0,1,1,0,PASS
B0F2GD6W7B,3,3,0,0,0,0,3,3,0,PASS
B0F2GGDBJ1,34,34,0,0,0,0,34,34,0,PASS
B0F2GJSFHD,21,21,0,0,0,0,21,21,0,PASS
B0F2HB4DQ7,0,0,0,0,0,0,0,0,0,PASS
B0F2HB8DK3,20,20,0,0,0,0,20,20,0,PASS
B0F2HC8N9F,0,0,0,0,0,0,0,0,0,PASS
B0F2HCBSCG,2,2,0,0,0,0,2,2,0,PASS
B0F2HCHRHH,14,14,0,0,0,0,14,14,0,PASS
B0F2HCKRLC,3,3,0,0,0,0,3,3,0,PASS
B0F2HCLSX6,0,0,0,0,0,0,0,0,0,PASS
B0F2HCQ4ZQ,0,0,0,0,0,0,0,0,0,PASS
B0F2HCS7D2,1,1,0,0,0,0,1,1,0,PASS
B0F2HCVTV1,0,0,0,0,0,0,0,0,0,PASS
B0F2HD9YSS,0,0,0,0,0,0,0,0,0,PASS
B0F2HDMBFZ,16,16,0,0,0,0,16,16,0,PASS
B0F2HF1PGR,4,4,0,0,0,0,4,4,0,PASS
B0F2HFMYNV,0,0,0,0,0,0,0,0,0,PASS
B0F2MYXJ7Y,8,8,0,0,0,0,8,8,0,PASS
B0F2MZGJTS,3,3,0,0,0,0,3,3,0,PASS
B0F2SZD4RK,1,1,0,0,0,0,1,1,0,PASS
B0F2SZX31Q,1,1,0,0,0,0,1,1,0,PASS
B0F2T2DX6B,1,1,0,0,0,0,1,1,0,PASS
B0F2T2F4FF,2,2,0,0,0,0,2,2,0,PASS
B0F2T2G2YL,1,1,0,0,0,0,1,1,0,PASS
B0F2T3FKSZ,4,4,0,0,0,0,4,4,0,PASS
B0F2T3R5Y9,1,1,0,0,0,0,1,1,0,PASS
B0F2T3T2CQ,2,2,0,0,0,0,2,2,0,PASS
B0F2T54SWT,1,1,0,0,0,0,1,1,0,PASS
B0F2T68CNP,1,1,0,0,0,0,1,1,0,PASS
B0F2T73PLM,0,0,0,0,0,0,0,0,0,PASS
B0F2Y37T82,5,5,0,0,0,0,5,5,0,PASS
B0F2Y5V54M,3,3,0,0,0,0,3,3,0,PASS
B0F2Y6KK7N,2,2,0,0,0,0,2,2,0,PASS
B0F2Y9CX1S,3,3,0,0,0,0,3,3,0,PASS
B0F2YG2YH2,3,3,0,0,0,0,3,3,0,PASS
B0F2YLT7Q8,1,1,0,0,0,0,1,1,0,PASS
B0F2YNF4WW,17,17,0,0,0,0,17,17,0,PASS
B0F2YNX9P7,6,6,0,0,0,0,6,6,0,PASS
B0F2YRB13Q,10,10,0,0,0,0,10,10,0,PASS
B0F32VG78J,38,38,0,0,0,0,38,38,0,PASS
B0F32W4YNV,3,3,0,0,0,0,3,3,0,PASS
B0F32XDDL4,2,2,0,0,0,0,2,2,0,PASS
B0F32XTV5C,33,33,0,0,0,0,33,33,0,PASS
B0F32Z6MPS,1,1,0,0,0,0,1,1,0,PASS
B0F32ZP7ST,32,32,0,0,0,0,32,32,0,PASS
B0F3N14T3B,0,0,0,0,0,0,0,0,0,PASS
B0F3NCQN7B,1,1,0,0,0,0,1,1,0,PASS
B0F3NLFYHN,4,4,0,0,0,0,4,4,0,PASS
B0F3NPV8P9,4,4,0,0,0,0,4,4,0,PASS
B0F43RQ3WV,6,6,0,0,0,0,6,6,0,PASS
B0F43TQPZW,40,40,0,8,8,0,48,48,0,PASS
B0F43VJ1MN,2,2,0,0,0,0,2,2,0,PASS
B0F43VK2KY,17,17,0,11,11,0,28,28,0,PASS
B0F43VN6L9,2,2,0,0,0,0,2,2,0,PASS
B0F43VSS5W,1,1,0,0,0,0,1,1,0,PASS
B0F43W5C1B,2,2,0,0,0,0,2,2,0,PASS
B0F43WHXJ9,2,2,0,0,0,0,2,2,0,PASS
B0F43WZJ98,5,5,0,0,0,0,5,5,0,PASS
B0F43XSTZC,5,5,0,0,0,0,5,5,0,PASS
B0F48K41L6,18,18,0,29,29,0,47,47,0,PASS
B0F48K49RZ,7,7,0,0,0,0,7,7,0,PASS
B0F48K71QB,0,0,0,0,0,0,0,0,0,PASS
B0F48KMP24,41,41,0,0,0,0,41,41,0,PASS
B0F48KSRDK,85,85,0,0,0,0,85,85,0,PASS
B0F48LNB6J,7,7,0,34,34,0,41,41,0,PASS
B0F48LVJHK,17,17,0,0,0,0,17,17,0,PASS
B0F48M4FWT,16,16,0,0,0,0,16,16,0,PASS
B0F48M8XP1,27,27,0,0,0,0,27,27,0,PASS
B0F48NJ6CP,8,8,0,0,0,0,8,8,0,PASS
B0F48NQQG3,19,19,0,0,0,0,19,19,0,PASS
B0F48NWQLK,11,11,0,0,0,0,11,11,0,PASS
B0F48PQWQB,7,7,0,20,20,0,27,27,0,PASS
B0F48PYKWX,51,51,0,0,0,0,51,51,0,PASS
B0F5WKHYK1,7,7,0,0,0,0,7,7,0,PASS
B0F6775Q2J,42,42,0,0,0,0,42,42,0,PASS
B0F678SKL8,55,55,0,0,0,0,55,55,0,PASS
B0F7LRJ8X8,5,5,0,0,0,0,5,5,0,PASS
B0F7LRQW4Q,2,2,0,0,0,0,2,2,0,PASS
B0F7LSNRFW,0,0,0,0,0,0,0,0,0,PASS
B0F7LSQCGZ,1,1,0,0,0,0,1,1,0,PASS
B0F7LSSGTT,0,0,0,0,0,0,0,0,0,PASS
B0F7LSTPJX,0,0,0,0,0,0,0,0,0,PASS
B0F7LSYSJB,4,4,0,2,2,0,6,6,0,PASS
B0F7LT39GG,1,1,0,0,0,0,1,1,0,PASS
B0F7LT6FFV,1,1,0,2,2,0,3,3,0,PASS
B0F7LTGMLL,0,0,0,0,0,0,0,0,0,PASS
B0F7LTLLG3,2,2,0,3,3,0,5,5,0,PASS
B0F7LTRW2R,0,0,0,0,0,0,0,0,0,PASS
B0F7LTSVCK,1,1,0,1,1,0,2,2,0,PASS
B0F7LTVVKM,2,2,0,1,1,0,3,3,0,PASS
B0F7LTW1CX,1,1,0,0,0,0,1,1,0,PASS
B0F7LTX5LF,0,0,0,0,0,0,0,0,0,PASS
B0F7LV33FX,2,2,0,0,0,0,2,2,0,PASS
B0F7LV6KMS,2,2,0,0,0,0,2,2,0,PASS
B0F7LV7456,1,1,0,0,0,0,1,1,0,PASS
B0F7LV7D9R,1,1,0,0,0,0,1,1,0,PASS
B0F7LVL4TX,0,0,0,0,0,0,0,0,0,PASS
B0F7LVPY77,6,6,0,0,0,0,6,6,0,PASS
B0F7LWJRWZ,1,1,0,0,0,0,1,1,0,PASS
B0F7LXVTCZ,2,2,0,0,0,0,2,2,0,PASS
B0F7QF8B9D,1,1,0,0,0,0,1,1,0,PASS
B0F7QYSRXT,0,0,0,0,0,0,0,0,0,PASS
B0F7R7Q2V2,0,0,0,0,0,0,0,0,0,PASS
B0F87NVH88,2,2,0,0,0,0,2,2,0,PASS
B0F87TJ1DH,1,1,0,0,0,0,1,1,0,PASS
B0F8QQT75S,4,4,0,0,0,0,4,4,0,PASS
B0F8VTZT3L,5,5,0,0,0,0,5,5,0,PASS
B0F99BTSDT,1,1,0,0,0,0,1,1,0,PASS
B0F99DVCH6,3,3,0,0,0,0,3,3,0,PASS
B0F9WG3RDB,35,35,0,2,2,0,37,37,0,PASS
B0F9WGLKMX,8,8,0,0,0,0,8,8,0,PASS
B0F9WGTYFF,1,1,0,0,0,0,1,1,0,PASS
B0F9WHLSFZ,26,26,0,0,0,0,26,26,0,PASS
B0F9WL4L72,59,59,0,4,4,0,63,63,0,PASS
B0F9WVT75G,8,8,0,0,0,0,8,8,0,PASS
B0F9WVZR6P,3,3,0,0,0,0,3,3,0,PASS
B0F9WW7PCD,10,10,0,0,0,0,10,10,0,PASS
B0F9WWSC2K,12,12,0,0,0,0,12,12,0,PASS
B0F9WX3HMD,13,13,0,0,0,0,13,13,0,PASS
B0F9WX6T4R,8,8,0,0,0,0,8,8,0,PASS
B0F9WXN1D1,6,6,0,0,0,0,6,6,0,PASS
B0F9WXRNVS,1,1,0,0,0,0,1,1,0,PASS
B0F9WY2KYB,1,1,0,0,0,0,1,1,0,PASS
B0F9WYKMF1,4,4,0,0,0,0,4,4,0,PASS
B0F9WYN7XB,5,5,0,0,0,0,5,5,0,PASS
B0F9WZ3QD8,23,23,0,0,0,0,23,23,0,PASS
B0F9WZ5R9L,3,3,0,0,0,0,3,3,0,PASS
B0F9WZ6CD6,4,4,0,0,0,0,4,4,0,PASS
B0F9WZMPR3,10,10,0,0,0,0,10,10,0,PASS
B0F9WZPTWW,4,4,0,0,0,0,4,4,0,PASS
B0F9WZVZ11,7,7,0,0,0,0,7,7,0,PASS
B0F9X12QLJ,10,10,0,0,0,0,10,10,0,PASS
B0F9X156JP,3,3,0,0,0,0,3,3,0,PASS
B0F9X15FDN,3,3,0,0,0,0,3,3,0,PASS
B0F9X18VKK,6,6,0,0,0,0,6,6,0,PASS
B0F9X1PJP5,6,6,0,0,0,0,6,6,0,PASS
B0F9X37ZPM,3,3,0,0,0,0,3,3,0,PASS
B0F9X3DK6V,19,19,0,0,0,0,19,19,0,PASS
B0F9Y2HNLQ,0,0,0,0,0,0,0,0,0,PASS
B0F9Y2P8QB,0,0,0,0,0,0,0,0,0,PASS
B0F9Y2RQKY,1,1,0,0,0,0,1,1,0,PASS
B0F9Y3SW5T,0,0,0,0,0,0,0,0,0,PASS
B0F9Y3XHRK,1,1,0,0,0,0,1,1,0,PASS
B0F9Y5PBQ7,0,0,0,0,0,0,0,0,0,PASS
B0F9YMV74V,31,31,0,0,0,0,31,31,0,PASS
B0F9YNBRZD,53,53,0,0,0,0,53,53,0,PASS
B0F9YPH3LN,8,8,0,0,0,0,8,8,0,PASS
B0F9YPTCHT,6,6,0,0,0,0,6,6,0,PASS
B0F9YPW5KB,10,10,0,0,0,0,10,10,0,PASS
B0F9YQB852,21,21,0,0,0,0,21,21,0,PASS
B0F9YQJN3N,12,12,0,0,0,0,12,12,0,PASS
B0F9YQVVKW,7,7,0,0,0,0,7,7,0,PASS
B0F9YSRKVJ,5,5,0,0,0,0,5,5,0,PASS
B0FJXTZH1F,2,2,0,0,0,0,2,2,0,PASS
B0FNWFF268,77,77,0,0,0,0,77,77,0,PASS
B0FPFFH897,5,5,0,0,0,0,5,5,0,PASS
B0FPQHSDCP,13,13,0,0,0,0,13,13,0,PASS
B0FPWQN4RL,10,10,0,0,0,0,10,10,0,PASS
B0FPWRK1N5,6,6,0,0,0,0,6,6,0,PASS
B0FPWTHD66,13,13,0,5,5,0,18,18,0,PASS
B0FPX479Q1,2,2,0,0,0,0,2,2,0,PASS
B0FR8S2WJF,60,60,0,0,0,0,60,60,0,PASS
B0FR8ZYWXB,49,49,0,0,0,0,49,49,0,PASS
B0FRF5B9ZV,2,2,0,0,0,0,2,2,0,PASS
B0FRG4G5RJ,25,25,0,0,0,0,25,25,0,PASS
B0FW4LDJJX,12,12,0,0,0,0,12,12,0,PASS
B0FW4NQ5X6,20,20,0,0,0,0,20,20,0,PASS
B0FW4P3H8Z,31,31,0,0,0,0,31,31,0,PASS
B0FW4PD16T,18,18,0,0,0,0,18,18,0,PASS
B0FW4R1JC8,17,17,0,0,0,0,17,17,0,PASS
B0FW4R78YZ,20,20,0,0,0,0,20,20,0,PASS
B0FW514SS5,25,25,0,0,0,0,25,25,0,PASS
B0FW525RR7,10,10,0,0,0,0,10,10,0,PASS
B0FW52B2N5,10,10,0,0,0,0,10,10,0,PASS
B0FW53BZ5F,2,2,0,0,0,0,2,2,0,PASS
B0FW53N4JZ,5,5,0,0,0,0,5,5,0,PASS
B0FW53QYN7,8,8,0,0,0,0,8,8,0,PASS
B0FW54NQDQ,3,3,0,0,0,0,3,3,0,PASS
B0FW54PMWP,5,5,0,0,0,0,5,5,0,PASS
B0FW56DW8T,4,4,0,0,0,0,4,4,0,PASS
B0FX2FMR2R,0,0,0,0,0,0,0,0,0,PASS
B0FX2GQW4R,1,1,0,0,0,0,1,1,0,PASS
B0FX2GW4T4,0,0,0,0,0,0,0,0,0,PASS
B0FX2HQYTQ,0,0,0,0,0,0,0,0,0,PASS
B0FX2J57W6,0,0,0,0,0,0,0,0,0,PASS
B0FX2J7MH9,7,7,0,0,0,0,7,7,0,PASS
B0FX2JDX4F,0,0,0,0,0,0,0,0,0,PASS
B0FX2JGXLX,0,0,0,0,0,0,0,0,0,PASS
B0FX2KJ88K,1,1,0,0,0,0,1,1,0,PASS
B0FX2L1DMQ,2,2,0,0,0,0,2,2,0,PASS
B0FX2M4NFT,0,0,0,0,0,0,0,0,0,PASS
B0FX2M4PZF,0,0,0,0,0,0,0,0,0,PASS
B0FX2Q2VVY,58,58,0,0,0,0,58,58,0,PASS
B0FX2QT3B1,42,42,0,0,0,0,42,42,0,PASS
B0FX2SHBL5,133,133,0,0,0,0,133,133,0,PASS
B0FX2SP39V,33,33,0,0,0,0,33,33,0,PASS
B0FX2SZFZM,53,53,0,3,3,0,56,56,0,PASS
B0FX2T3V9J,35,35,0,3,3,0,38,38,0,PASS
B0FX2TFPZM,79,79,0,2,2,0,81,81,0,PASS
B0FX2XDLT5,65,65,0,5,5,0,70,70,0,PASS
B0FX53HC81,37,37,0,0,0,0,37,37,0,PASS
B0FXXG9B4W,1,1,0,0,0,0,1,1,0,PASS
B0FZ9LXX79,4,4,0,0,0,0,4,4,0,PASS
B0FZ9TJ3T6,2,2,0,0,0,0,2,2,0,PASS
B0G39TDFLX,6,6,0,0,0,0,6,6,0,PASS
B0G39VRZ29,14,14,0,0,0,0,14,14,0,PASS
B0G39WZSPF,4,4,0,0,0,0,4,4,0,PASS
B0G39XQ14K,5,5,0,0,0,0,5,5,0,PASS
B0G39YQ9BX,1,1,0,0,0,0,1,1,0,PASS
B0G3B4FM6X,3,3,0,0,0,0,3,3,0,PASS
B0GLFZ9BSJ,18,18,0,0,0,0,18,18,0,PASS
B0GLGB3M6Q,18,18,0,0,0,0,18,18,0,PASS
B0GLGGJD2R,29,29,0,0,0,0,29,29,0,PASS
B0GLGLH64Z,9,9,0,0,0,0,9,9,0,PASS
B0GLGQ78BC,0,0,0,0,0,0,0,0,0,PASS
B0GLGSZJWJ,0,0,0,0,0,0,0,0,0,PASS
B0GLGXQ7CD,0,0,0,0,0,0,0,0,0,PASS
B0GLGZDTH6,0,0,0,0,0,0,0,0,0,PASS
B0GLNWFGQ7,1,1,0,0,0,0,1,1,0,PASS
B0GLNZYC5V,2,2,0,0,0,0,2,2,0,PASS
B0GLPXD3LQ,3,3,0,0,0,0,3,3,0,PASS
B0GLPXP4C3,0,0,0,0,0,0,0,0,0,PASS
B0GLPZPXC1,0,0,0,0,0,0,0,0,0,PASS
B0GLQ245L8,2,2,0,0,0,0,2,2,0,PASS
B0GLQ28C6T,0,0,0,0,0,0,0,0,0,PASS
B0GLQ2N3MN,3,3,0,0,0,0,3,3,0,PASS
B0GLQ6PB3J,2,2,0,0,0,0,2,2,0,PASS
B0GLQ72BZ8,2,2,0,0,0,0,2,2,0,PASS
B0GLQ7T99J,0,0,0,0,0,0,0,0,0,PASS
B0GLQ84FXM,0,0,0,0,0,0,0,0,0,PASS
B0GLQ8J3WP,0,0,0,0,0,0,0,0,0,PASS
B0GLQBNF6L,0,0,0,0,0,0,0,0,0,PASS
B0GLQBYTGK,0,0,0,0,0,0,0,0,0,PASS
B0GLQC394Y,2,2,0,0,0,0,2,2,0,PASS
B0GLQDLK1X,0,0,0,0,0,0,0,0,0,PASS
B0GLQTHFPB,1,1,0,0,0,0,1,1,0,PASS
B0GLQXPNCP,0,0,0,0,0,0,0,0,0,PASS
B0GLQYRR7B,0,0,0,0,0,0,0,0,0,PASS
B0GLQZ7L1Z,2,2,0,0,0,0,2,2,0,PASS
B0GLR16H5P,0,0,0,0,0,0,0,0,0,PASS
B0GLR34G2Q,0,0,0,0,0,0,0,0,0,PASS
B0GLR3HYQR,0,0,0,0,0,0,0,0,0,PASS
B0GLR5F57B,1,1,0,0,0,0,1,1,0,PASS
B0GLR6RM6P,0,0,0,0,0,0,0,0,0,PASS
B0GLR9TLTX,0,0,0,0,0,0,0,0,0,PASS
B0GLRKC9L5,0,0,0,0,0,0,0,0,0,PASS
B0GLRT4KXS,0,0,0,0,0,0,0,0,0,PASS
B0GLWRN2H5,0,0,0,0,0,0,0,0,0,PASS
B0GLX6PHSN,0,0,0,0,0,0,0,0,0,PASS
B0GLXBQ1FT,0,0,0,0,0,0,0,0,0,PASS
B0GLZ4FC6Z,1,1,0,0,0,0,1,1,0,PASS
B0GLZ4SY9Q,4,4,0,0,0,0,4,4,0,PASS
B0GMCRC482,1,1,0,0,0,0,1,1,0,PASS
B0GMCT9XBB,0,0,0,0,0,0,0,0,0,PASS
B0GMD4R26Y,0,0,0,0,0,0,0,0,0,PASS
B0GMD7MTCJ,0,0,0,0,0,0,0,0,0,PASS
B0GMGGDPPM,2,2,0,0,0,0,2,2,0,PASS
B0GMGKCYZ9,1,1,0,0,0,0,1,1,0,PASS
B0GMP89W89,0,0,0,0,0,0,0,0,0,PASS
B0GMPBX8D6,0,0,0,0,0,0,0,0,0,PASS
B0GMPDVMCB,0,0,0,0,0,0,0,0,0,PASS
B0GMR5VGVG,3,3,0,0,0,0,3,3,0,PASS
B0GMRCLVCX,1,1,0,0,0,0,1,1,0,PASS
B0GMRH36DQ,0,0,0,0,0,0,0,0,0,PASS
B0GNQZDVXL,0,0,0,0,0,0,0,0,0,PASS
B0GNR6NQXD,0,0,0,0,0,0,0,0,0,PASS
B0GNRHD755,0,0,0,0,0,0,0,0,0,PASS
B0GQ44NJ32,3,3,0,0,0,0,3,3,0,PASS
B0GQ477V54,19,19,0,0,0,0,19,19,0,PASS
B0GQ48BNBZ,51,51,0,0,0,0,51,51,0,PASS
B0GS51FJ99,0,0,0,0,0,0,0,0,0,PASS
B0GS557MQM,0,0,0,0,0,0,0,0,0,PASS
B0GS57S1K3,0,0,0,0,0,0,0,0,0,PASS
B0GS5BPHWV,0,0,0,0,0,0,0,0,0,PASS
B0GSFB5MT6,29,29,0,0,0,0,29,29,0,PASS
B0GSFDYXLH,5,5,0,0,0,0,5,5,0,PASS
B0GSFKP29S,6,6,0,0,0,0,6,6,0,PASS
B0GSFWJ37Z,0,0,0,0,0,0,0,0,0,PASS
B0GSG2GQ99,0,0,0,0,0,0,0,0,0,PASS
B0GSG2RD4S,0,0,0,0,0,0,0,0,0,PASS
B0GSQ33L6K,0,0,0,0,0,0,0,0,0,PASS
B0GSQCTBZZ,1,1,0,0,0,0,1,1,0,PASS
B0GSQJKQPB,0,0,0,0,0,0,0,0,0,PASS
B0GSQJXT2X,0,0,0,0,0,0,0,0,0,PASS
B0GSQNLPSF,0,0,0,0,0,0,0,0,0,PASS
B0GSQYM1RM,2,2,0,0,0,0,2,2,0,PASS
B0GSR341R5,2,2,0,0,0,0,2,2,0,PASS
B0GSR3M9RD,4,4,0,0,0,0,4,4,0,PASS
B0GSRGH9H6,1,1,0,0,0,0,1,1,0,PASS
B0GSRQM519,3,3,0,0,0,0,3,3,0,PASS
B0GSV4S64G,0,0,0,0,0,0,0,0,0,PASS
B0GSV74P1L,0,0,0,0,0,0,0,0,0,PASS
B0GSV9BS98,0,0,0,0,0,0,0,0,0,PASS
B0GTHJQKPG,15,15,0,0,0,0,15,15,0,PASS
B0GTHT26DV,32,32,0,0,0,0,32,32,0,PASS
B0GTJ1BS3K,51,51,0,0,0,0,51,51,0,PASS
B0GTJ5P1KW,8,8,0,0,0,0,8,8,0,PASS
B0GTMJFSTP,5,5,0,0,0,0,5,5,0,PASS
B0GTMQW1WF,13,13,0,0,0,0,13,13,0,PASS
B0GTMT5N9B,2,2,0,0,0,0,2,2,0,PASS
B0GTMTQJC1,0,0,0,0,0,0,0,0,0,PASS
B0GTMYGLRV,0,0,0,0,0,0,0,0,0,PASS
B0GTMZWFCD,10,10,0,0,0,0,10,10,0,PASS
B0GTN2ZFNM,0,0,0,0,0,0,0,0,0,PASS
B0GTN8JVXT,0,0,0,0,0,0,0,0,0,PASS
B0GTP2Z9TL,0,0,0,0,0,0,0,0,0,PASS
B0GTP4W59M,4,4,0,0,0,0,4,4,0,PASS
B0GTPFKNBX,6,6,0,0,0,0,6,6,0,PASS
B0GTPRPTTD,5,5,0,0,0,0,5,5,0,PASS
B0GTQGXK32,0,0,0,0,0,0,0,0,0,PASS
B0GTQGXK33,0,0,0,0,0,0,0,0,0,PASS
B0GTQH3SBW,0,0,0,0,0,0,0,0,0,PASS
B0GTQRBZLX,5,5,0,0,0,0,5,5,0,PASS
B0GTQRN1PC,6,6,0,0,0,0,6,6,0,PASS
B0GTQXH9HR,6,6,0,0,0,0,6,6,0,PASS
B0GTY7S581,0,0,0,0,0,0,0,0,0,PASS
B0GTYC2JTH,1,1,0,0,0,0,1,1,0,PASS
B0GTYJCJYT,0,0,0,0,0,0,0,0,0,PASS
B0GTYMPTZG,4,4,0,0,0,0,4,4,0,PASS
B0GTYPWF4R,0,0,0,0,0,0,0,0,0,PASS
B0GTYSR1XH,0,0,0,0,0,0,0,0,0,PASS
B0GTYVY9BB,0,0,0,0,0,0,0,0,0,PASS
B0GY3G4S1F,1,1,0,0,0,0,1,1,0,PASS
B0GY423LQJ,8,8,0,0,0,0,8,8,0,PASS
B0H38YJTN8,11,11,0,0,0,0,11,11,0,PASS
B0H3918NPV,1,1,0,0,0,0,1,1,0,PASS
B0H393YSKV,3,3,0,0,0,0,3,3,0,PASS
B0H394ZWB5,5,5,0,0,0,0,5,5,0,PASS
